date,rainfall_mm,humidity,pressure,temperature,wind_speed,landslide
2020-01-01,23.463404498842955,66.4796525093517,1005.2341136747182,25.09054491313347,5.719958782835928,0
2020-01-02,150.50607154587604,78.96653315824254,1004.93957598144,26.950220957870584,8.054323292999863,1
2020-01-03,65.83728467727246,90.55310425567428,1018.1250916104208,18.757018481887485,7.60160929790159,0
2020-01-04,45.64712768879766,85.62787102433464,1004.9909239969901,24.373111494104982,1.5389990469377368,0
2020-01-05,8.481243523117314,88.22964017515073,1005.4389945225727,23.57618974715623,1.492494697414739,0
2020-01-06,8.479814595730259,83.05741783487511,1015.1879652483593,27.492455651824066,2.6817436774491332,0
2020-01-07,2.991938430434034,84.22967975812483,1008.9947968490108,28.591305907218906,3.610747263410372,0
2020-01-08,100.56154322399698,89.72184780478618,1015.5342111391036,15.182351572160803,4.084555814084826,1
2020-01-09,45.954107681363226,68.7383803100715,1001.3073231512877,25.11029878588189,6.796972168333452,0
2020-01-10,61.562503085229515,77.12987372750992,1009.7514238734677,15.777536986795935,0.566804321658354,0
2020-01-11,1.0399653999569312,67.74233046368607,1000.6722720036656,23.23287997616034,0.34672704226066386,0
2020-01-12,175.1778737579156,94.56838027988265,1001.253064069107,19.314490935655172,3.9191056294390902,1
2020-01-13,89.32147716773375,93.04207688903146,1018.1287490668882,19.601648992832118,6.971636921379805,0
2020-01-14,11.93438126244735,61.3799383978977,1002.7849074223519,20.29437755178535,1.9343534295648257,0
2020-01-15,10.033949437483168,84.6951310380491,1010.6484136455043,24.319386735744153,6.415044812562517,0
2020-01-16,10.130571141612853,92.38369110954831,1008.2219120520141,20.01074948503154,2.5982813794029944,0
2020-01-17,18.137686473023855,66.32013707945667,1006.9468665251768,25.990485758854206,8.860861088135163,0
2020-01-18,37.19639154304272,79.87808306934203,1017.9966669137455,21.067910783608045,8.956899442666165,0
2020-01-19,28.27685333901683,92.04209041558147,1000.4364679355098,16.02529800464938,2.9728720428132647,0
2020-01-20,17.211149627697075,61.18810925050296,1013.2757937235118,26.756397637261607,2.2999375396324053,0
2020-01-21,47.318543694989934,84.4097093536394,1019.267888684271,19.28637486889059,4.113039720662313,0
2020-01-22,7.511726436366933,70.40721525803927,1011.2033636692369,21.49150319398894,2.405315851801487,0
2020-01-23,17.275775600120113,92.35386683817856,1018.7364492406618,25.281658248328522,6.723838432917036,0
2020-01-24,22.81386091104235,93.98703858078787,1001.0451575857205,19.98684235723068,8.260646845482855,0
2020-01-25,30.446734392988752,93.04932711897018,1008.3758663814832,15.848784842200734,6.73092130911217,0
2020-01-26,76.8968005515456,76.59749758301123,1005.203155819241,20.608815705192203,8.243504472493495,0
2020-01-27,11.136793106434514,90.17149278462597,1014.6164192996146,29.166728740414552,3.9699216220747413,0
2020-01-28,36.10145775165638,89.55922894872747,1019.625941809945,24.626015959478373,1.5631697070886086,0
2020-01-29,44.875236065488025,71.16851656351395,1005.130601248885,25.072187230008105,7.379509473975921,0
2020-01-30,2.3781924878204275,89.0120415952737,1013.0834920294815,24.484232304564596,3.604745051415539,0
2020-01-31,46.7666510324805,61.295267215042244,1003.9619526551948,17.98488208439155,6.712708252291325,0
2020-02-01,9.348062598870822,80.86944574687186,1011.3066050914322,21.2750079615342,2.7064394198176567,0
2020-02-02,3.363196543965212,68.0503093050696,1009.2786497337668,26.264096975449775,0.8122963480667267,0
2020-02-03,148.68438967534655,64.21984100220476,1019.4401065926307,16.520593463297388,9.925817954877633,1
2020-02-04,168.53151712305862,62.69336205702232,1012.1705454539293,19.167791641345683,1.5620150793059928,1
2020-02-05,82.61657864064384,84.37010715573489,1006.9901274417364,19.144786626987806,9.884209939634811,0
2020-02-06,18.164392998437915,71.89562373188231,1002.2819156977587,21.48028391391759,9.772799325664472,0
2020-02-07,5.138865750125312,85.36683700350665,1003.0249365746987,29.705531114132775,7.938181039080396,0
2020-02-08,57.63753815493309,62.28747192796298,1004.5063385990247,16.012538200257328,6.594229620819975,0
2020-02-09,29.004542129269918,71.03516182407137,1005.019333226806,22.780514915708924,5.778070502510847,0
2020-02-10,6.507611697722432,78.8821952331368,1017.0123211568227,17.690470230183156,8.661015453778347,0
2020-02-11,34.177361406707504,87.67531076936372,1011.2244557656505,29.56014818114616,2.894395216194879,0
2020-02-12,1.7496860721739542,71.15633760262244,1010.4678182274873,16.699552570911962,4.67681212484877,0
2020-02-13,120.02114436965118,81.90619817529532,1002.2953774373843,21.05401503542387,6.193899693665019,1
2020-02-14,14.972888842034305,91.00922118826655,1017.2027938669887,26.068274772519093,4.1119047586949105,0
2020-02-15,54.31278992824902,81.55521158638066,1014.4562860641697,25.56831642041168,4.27486454090268,0
2020-02-16,18.677329082881183,68.15358161637718,1001.353367238,21.340929553408984,3.3028466750208443,0
2020-02-17,36.70554479546143,60.85402735447883,1014.1567019445954,20.197862519290773,5.64231816684536,0
2020-02-18,39.561189899089875,90.45346058653254,1010.8707643468529,20.96418567829306,8.50574528015116,0
2020-02-19,10.219429975395288,60.74442937976355,1001.6345069149355,18.96414394737959,2.0152837800631285,0
2020-02-20,174.64035663681133,90.61455854394698,1009.1660128305731,18.079994080601995,9.344330387534415,1
2020-02-21,74.61226885690704,78.51279969095242,1009.693925742601,22.24559546338335,6.8908765374822964,0
2020-02-22,140.25472096457912,92.86736944795136,1003.3154908032656,19.02800634101411,8.232732126800302,1
2020-02-23,112.60759987670983,87.95741325207828,1018.9139629400056,19.31192497345875,5.561906926300116,1
2020-02-24,45.55272061916375,94.92769386866681,1016.9995074296132,24.851340952118356,7.795167014240635,0
2020-02-25,127.47176896347025,72.27491354080985,1013.3804467465822,29.528059975498383,0.1620039733946721,1
2020-02-26,4.6327729476557815,86.85159011258943,1009.2459112200121,24.054558008390625,8.183804247795353,0
2020-02-27,10.906734731563372,74.06758197632348,1008.2353108316902,16.154692005974493,0.4013885908536652,0
2020-02-28,2.314098284341598,76.79564671063682,1013.0194693430191,16.133754207811005,8.899133763628624,0
2020-02-29,19.67660434015434,81.96269121264295,1010.9086373881381,29.27134831268349,9.919627472386432,0
2020-03-01,24.60651458971093,90.57869899652185,1001.2454621176377,19.459361854610005,2.940674621767778,0
2020-03-02,15.828022160441286,94.44292142197533,1010.2500529754067,16.38100479123713,2.1031855628579366,0
2020-03-03,88.22789326204669,86.88956948525814,1016.1280723446567,23.985668807255724,7.653633638580407,0
2020-03-04,22.061349976493506,74.62183737585669,1009.1847975519391,24.354731674353992,2.530263409202532,0
2020-03-05,16.49014200671246,74.74749507969746,1001.0391315510853,24.727572301780324,8.655623831722036,0
2020-03-06,39.1203541603873,85.8153805556112,1015.7255639876806,19.011030417863118,1.028425921574767,0
2020-03-07,7.594907391031443,68.35720010189058,1004.0272756427195,15.226660263217125,1.2595519637935826,0
2020-03-08,81.02417978873656,63.866593959598816,1005.1724166977608,29.475230541817076,9.791515551006157,0
2020-03-09,3.8737934405654504,72.41177551742717,1003.2941270686459,18.763395685366536,6.738388982700046,0
2020-03-10,216.70731697936597,70.05336470789285,1006.60430129743,25.14039432078821,8.468872244289528,1
2020-03-11,73.97418881207557,70.37078421595966,1015.1350301137727,25.599448048180644,3.2432937735151803,0
2020-03-12,11.076972025294298,68.17627128674685,1010.3877171900788,24.150111256192286,6.764837495206044,0
2020-03-13,0.2768710187967737,61.473261637272664,1004.0976254830142,19.693610913204722,5.942418273085972,0
2020-03-14,84.4948388743063,60.62558771566948,1017.5566015630408,19.06644380646099,6.03150120122947,0
2020-03-15,61.35479536935223,94.5702836407611,1017.5916370990305,23.965024240540547,6.825324595377216,0
2020-03-16,65.28314543939995,74.97205968075518,1017.4115685009201,27.991434504175373,5.753591731290985,0
2020-03-17,73.76072630217567,73.45143265058886,1004.7759242276308,29.201005933850933,4.290623693026659,0
2020-03-18,3.8464632756898176,83.78765489425744,1009.0247868836198,16.588587066056366,2.7592269438054684,0
2020-03-19,22.194633620811626,67.63888607527724,1019.6997931228175,17.3224291889658,7.68581330913202,0
2020-03-20,6.157505230222482,93.24864143825789,1015.4402495261999,29.171043881746193,2.262724300031862,0
2020-03-21,99.42647858291113,87.52207550454432,1000.5433484245112,26.04802842502189,6.923543061544142,0
2020-03-22,48.815059585618705,63.12938508092908,1001.3040918252099,28.244907372446598,2.3333282264932667,0
2020-03-23,20.09094006256505,74.61532715247249,1009.2786275362466,18.039489512030148,6.253301699544539,0
2020-03-24,3.2834032902391446,90.76914076467577,1018.1844041172312,23.813788066641028,7.470782671290289,0
2020-03-25,18.624417520517685,93.06562078019935,1010.7740359590542,25.517093916262105,2.187138889065392,0
2020-03-26,19.665710659206567,76.35905289374544,1009.9562501606858,25.20167828170459,0.5994330086130828,0
2020-03-27,65.39378919788705,81.46939862237477,1002.1094739991327,21.122275363000472,1.3097374299417408,0
2020-03-28,50.744467946301,65.84618811322264,1013.1356020944859,15.230923375369628,6.059969672710254,0
2020-03-29,109.11259562007574,94.69090191479418,1016.4420632120045,23.74389085206395,8.494464062257356,1
2020-03-30,31.95330666881549,68.10850954842051,1007.6084001501513,18.79652308769413,0.44996821235424367,0
2020-03-31,6.368619680775095,92.9956120947294,1015.5122370185065,21.753813692143353,7.341512590416462,0
2020-04-01,62.45631721582997,82.7376327147329,1019.2895330780162,29.36371522625726,3.4131864595005212,0
2020-04-02,71.5196376538432,81.27078782076006,1004.0753291825538,20.98552976463652,4.785283699195225,0
2020-04-03,41.19437474429144,77.9440978855778,1010.4665926238948,27.5970240999664,9.288595498455656,0
2020-04-04,73.69449833606822,68.07344341012156,1005.7427591616915,17.82810908623877,3.3197150473584545,0
2020-04-05,34.0407365755139,66.17848112019279,1015.8570883806768,25.086907470375433,4.65336933939486,0
2020-04-06,36.98394193886335,67.71701731745614,1011.5518673176232,29.65510431658415,0.13682414760681105,0
2020-04-07,27.890709695421368,66.52533917504891,1012.691648351006,16.52839651309405,0.8159872000483837,0
2020-04-08,1.2873886995056865,87.28545657483636,1015.9582831923179,15.12479913340788,2.5859159113478403,0
2020-04-09,5.708371759593292,72.25438407083556,1007.919409453249,21.503741889489216,0.27852240821074403,0
2020-04-10,1.5966840646526912,62.02449367971887,1018.3018013681409,16.38938224577051,6.3137532604825095,0
2020-04-11,50.58647754637747,93.9185920549284,1010.6605773449228,26.22576524514347,4.263983568016226,0
2020-04-12,18.869835439754993,90.9325059737199,1003.159096456707,28.718229957728383,5.48145202728022,0
2020-04-13,35.52185885670951,92.47132991183246,1013.917982363376,21.51031459063138,1.7464718589632955,0
2020-04-14,119.06327649229877,94.82177379262524,1015.865227008765,18.880674632331615,2.959320294366161,1
2020-04-15,14.336941149164916,66.08633372268206,1006.3352335413506,21.516049785099145,6.638244748527251,0
2020-04-16,26.41409874413363,73.86847066159305,1017.143585139975,25.851717267750015,9.653027236303998,0
2020-04-17,70.43745737692917,86.5383466496432,1018.1228650953153,15.135812423705564,0.504167736022092,0
2020-04-18,12.990257845869701,84.36072163188273,1005.5380897475562,23.841809842270457,8.903843208552662,0
2020-04-19,4.0052139275088185,65.38635672189493,1019.6704294543044,24.199375273310686,5.768812013112084,0
2020-04-20,17.107015194352854,88.55415937467163,1002.8142305609751,24.565323703439034,5.639195667556237,0
2020-04-21,8.790417925003142,67.85542001428313,1004.0403133680499,18.630331199713158,5.002785352077604,0
2020-04-22,132.74750429403124,67.83361651879181,1003.6844967847605,25.710790850671902,0.6939408590418339,1
2020-04-23,82.54435402422847,78.79410480126947,1017.8797942001574,16.370872294976646,0.8987685173616067,0
2020-04-24,50.174709526026554,80.75289771945961,1013.0858510464992,17.98905504700201,6.009120056590861,0
2020-04-25,102.57598652604065,80.3030172743234,1003.0420856644455,28.16205069981723,3.409585714355583,1
2020-04-26,81.39844703702782,63.20203930892142,1008.806468367367,26.080847260898494,9.172680665776806,0
2020-04-27,10.324773817931954,90.71113019206331,1012.305960501396,15.206183310170179,4.065905373594722,0
2020-04-28,111.54067026177805,69.29600149060471,1001.6692816997877,18.725643905547003,1.4328145870264108,1
2020-04-29,38.7549950983086,64.53302224489815,1017.6483273681467,18.21609724489747,7.14718833502036,0
2020-04-30,82.36741456517831,91.1061827954142,1016.0720707088307,19.06209492055459,2.9335342144100984,0
2020-05-01,113.21213246431157,93.44780243804136,1010.1041354715328,18.713396554198297,5.2547030735589315,1
2020-05-02,19.136535820915924,90.17446660429077,1019.3425323051835,15.937894436142686,6.978327855051701,0
2020-05-03,5.829608006192542,88.33306261537074,1008.355219585502,21.884107748952307,9.002641112020704,0
2020-05-04,12.934337306969068,82.93346932236577,1019.68220638073,25.991002121792476,7.921911948016761,0
2020-05-05,27.85288463743072,79.28000797131988,1013.3583999760725,24.100975870761545,6.763610678727241,0
2020-05-06,85.19148633194725,63.044536596899356,1012.6934254650788,25.093075028971196,6.796331823951435,0
2020-05-07,98.56724859399166,74.29586245747446,1003.3190979059157,16.21723767804359,9.459246440320864,0
2020-05-08,0.34882045908253234,73.044098095431,1017.6385551660928,29.27236065265181,2.9582409749653604,0
2020-05-09,35.74380796692779,69.09138243161142,1008.5497937584123,27.577377507645373,0.011120941961874076,0
2020-05-10,27.013666045933565,85.31970397910047,1003.2446681156496,27.07635477743494,2.719545593981987,0
2020-05-11,12.558366913791225,77.35565072775698,1000.2521503995151,27.34475707562651,2.17891379626744,0
2020-05-12,6.3840195772823405,62.83661755676768,1011.1951136727677,28.99065762199142,6.618345851139981,0
2020-05-13,20.595428993121622,67.7064120682434,1010.5479924424535,23.163809491705464,6.337115997655291,0
2020-05-14,143.15605613455747,83.91405672808585,1014.3870724473832,18.00423026801439,5.934613827047238,1
2020-05-15,19.51919014407372,62.664580082160505,1017.805161060356,24.251754117788117,0.162434432094537,0
2020-05-16,36.5726402880076,89.7922419917069,1001.5881316928605,26.143222405019085,7.287780544506475,0
2020-05-17,60.70434884404274,77.3301284454891,1014.6299298068072,26.06876090031038,3.235304124854915,0
2020-05-18,22.598724948348117,76.82053020643268,1003.7482388819517,22.8217353625032,6.650559890066311,0
2020-05-19,178.38990691458497,80.73427246308312,1017.1635410631433,16.02688079000367,5.565784285021533,1
2020-05-20,164.1004932270699,88.86383380738022,1016.3812702772332,20.566694076451917,3.4273092542790717,1
2020-05-21,14.503064749610264,72.17332227657676,1010.8158750997109,28.81149912695036,1.3457626710410775,0
2020-05-22,34.382963923192364,83.73056533956722,1014.2048559724662,23.76673364636139,0.9441889766048095,0
2020-05-23,17.89652300395234,79.80061873985268,1006.2870022636749,23.074979148835702,8.315183331122235,0
2020-05-24,16.762483819054086,69.34598945592974,1009.4233579786563,19.032802715732902,9.18397542081558,0
2020-05-25,1.8792238882761265,90.75204952243053,1016.4327379542094,20.526733798748683,6.497880467642996,0
2020-05-26,47.02460354912966,87.90991075624248,1009.1853039434643,28.43019133729754,1.0343411486048337,0
2020-05-27,34.925981641481926,83.04581421304489,1007.1559653065088,24.996945712902537,4.020272168882407,0
2020-05-28,2.642554369019624,89.77036051829846,1009.884248945006,26.81080540128499,7.2893920010515725,0
2020-05-29,16.331296050518468,90.35529703359309,1016.5649850487443,21.81518134601483,7.798208840100681,0
2020-05-30,119.44304755446701,84.79270418502622,1006.7041609474174,24.453708291842368,1.182186222910886,1
2020-05-31,13.693027607103852,89.29546649272852,1003.4752318627148,18.72575413114811,0.0003071884538241587,0
2020-06-01,7.8265430492734875,84.41150115842493,1014.2402804066156,25.581912454252294,7.12137045880605,0
2020-06-02,33.613605473681815,83.80492701161052,1016.5195642541617,21.41402000555006,3.5659617598620565,0
2020-06-03,212.20184913076298,81.65139823753145,1002.0127495704706,21.638182722221185,2.5448133161826023,1
2020-06-04,13.85724067798631,86.34508238451744,1004.7974822551189,24.739834868653226,0.1289746978952544,0
2020-06-05,55.75775051486467,65.55117868525758,1002.8394397952198,29.0442093220339,5.402994067614997,0
2020-06-06,71.69438131197315,90.83047657196249,1006.9588282316433,15.960095199129313,8.511507354259818,0
2020-06-07,13.566658616790289,90.51452347108312,1009.0070195781083,27.371148560205114,9.57631646272588,0
2020-06-08,65.1374464246158,61.02365490620957,1014.9765267392661,19.385746656182896,5.657449506132892,0
2020-06-09,22.9261399632152,88.90358626976669,1013.0229516976335,21.658791817595667,5.144613277398942,0
2020-06-10,50.02518738658856,64.51044536157058,1012.4185713495687,15.328699931625135,0.850563854892411,0
2020-06-11,50.19189135688191,71.72915989906997,1007.0474989321931,19.515691167514696,5.488728015425997,0
2020-06-12,38.36926249761744,86.02278897020628,1016.8289510616952,22.539468639451957,3.7997907896539465,0
2020-06-13,4.7314579405810475,65.62659636169079,1009.4257433479632,15.842641160211585,6.071352808835769,0
2020-06-14,90.18223971231485,88.62884584416717,1019.5820987603031,22.366435940747476,3.887263478765467,0
2020-06-15,19.34051468336983,89.12469622852096,1012.6828427659148,28.90665943287641,2.4029912345036673,0
2020-06-16,10.321605330377826,77.76137068162927,1002.52529483129,16.580898271617077,0.949652752283765,0
2020-06-17,2.0814879897172602,60.223505510089176,1013.5235512415087,26.466610921132563,3.1491844458889573,0
2020-06-18,44.68892022972917,70.04633466112195,1006.5020803086339,21.14506580063989,0.9664483428775228,0
2020-06-19,56.592586713367446,81.59244214315098,1013.7265439337219,24.82760571786507,1.7689695082398393,0
2020-06-20,0.836347377923531,94.34151623095983,1001.3928229632481,18.90354896977844,9.87336158579546,0
2020-06-21,35.88152922747442,82.1134734455834,1003.4976287435192,17.392383938120375,4.4410355690661865,0
2020-06-22,12.841207352747883,69.0931253372456,1017.1147451781158,17.406939214068398,5.3187176650501655,0
2020-06-23,51.806217077384595,82.1901996084864,1004.5435911404703,16.05737918464717,8.736185287372153,0
2020-06-24,9.580211126956687,78.89948829005495,1016.7408225048588,17.784700573518645,9.955689004906878,0
2020-06-25,58.71062637838595,87.29458883029002,1005.5855217690882,24.963290774834523,5.8271444934468155,0
2020-06-26,24.44793504905509,63.74432235894354,1012.8576382011742,28.22535917765262,8.124738210441716,0
2020-06-27,138.01719089021535,86.63597658757098,1013.8830114701966,27.211885283867428,3.2694102433667527,1
2020-06-28,7.3972206719639475,78.94433025366386,1010.253095062901,25.277014648117262,3.057439574472911,0
2020-06-29,20.856621699758588,93.70472013506482,1006.1062135339346,16.65647795116654,4.027037209945602,0
2020-06-30,6.022214251849821,71.96552581135401,1004.2528875274219,19.337811694439246,6.725072626736491,0
2020-07-01,129.30951985753617,82.14176625968818,1000.6637870912485,19.647103129837035,6.821916892550988,1
2020-07-02,104.9166853580497,92.62098369285061,1006.0789280248144,18.74935419596432,3.152394346494508,1
2020-07-03,14.916368503074445,63.58784047967377,1013.0632558106256,22.725084895645846,1.3320992413662869,0
2020-07-04,53.93813695219573,92.80299705327579,1018.7660963689697,23.033307223195088,6.323962564655085,0
2020-07-05,84.97420363196106,84.07600028052846,1017.424089645261,20.353289627566653,1.2832586218876452,0
2020-07-06,40.506618034325406,62.37429706868102,1015.321295530706,20.30683738104654,5.7849250822933005,0
2020-07-07,37.713970509697305,70.53372484313857,1015.768946865066,27.42833396859122,6.93422128056309,0
2020-07-08,13.843852271895157,84.78602310258485,1013.2996980695199,26.839392724795285,7.006114963944516,0
2020-07-09,4.886307023747037,62.35727105140701,1005.20573715132,19.616937475211184,7.534721106595967,0
2020-07-10,113.75616125972614,80.37596610616957,1018.1439006141165,28.70682665809889,8.728594215656646,1
2020-07-11,115.33872138242134,72.10590699335349,1013.4146462381167,29.29222525503759,4.999589919647884,1
2020-07-12,50.13349597414424,81.7320431218617,1011.2088126196088,19.90113813045061,7.302491895295712,0
2020-07-13,20.702325490566196,61.60097118343795,1002.2197893842696,20.31637423189582,6.191727353658367,0
2020-07-14,21.478380790582197,90.50378821533317,1008.9411108761285,22.584512301329383,1.8663993979768256,0
2020-07-15,64.7232714863559,94.0721139212089,1009.2071654240385,29.116812188005103,0.2568964486940817,0
2020-07-16,113.70486745536262,93.91072493499921,1017.2912721904534,28.144791497134673,2.845413856769338,1
2020-07-17,109.05662846983066,86.23781411100236,1010.9329644037558,16.53851943875385,4.430337063376194,1
2020-07-18,75.67810959654516,64.55301840457211,1007.6080109794082,20.890961149071245,6.171059444286563,0
2020-07-19,51.36553467838525,86.5392118575158,1019.5360065702132,23.300567846246576,8.499593305032054,0
2020-07-20,4.394586309804203,60.86054207605805,1002.2144118665263,22.5469870882731,1.9624571670616564,0
2020-07-21,8.814710734170575,60.7743243035149,1008.4509685662389,17.90794601905339,1.255497898984771,0
2020-07-22,114.41152500887529,71.32635767023395,1000.8404935034281,27.88225156752232,9.634799474743275,1
2020-07-23,46.624697348279476,77.1025116641633,1014.7980824153386,25.15411174495256,1.0804455937640711,0
2020-07-24,0.46198028054972046,86.96425962327277,1018.3615310439831,27.568625622777052,4.784910701071892,0
2020-07-25,5.349845071797466,83.91533818122768,1005.6007465910097,27.881464190242085,5.8556372879330185,0
2020-07-26,54.45811936451205,75.60659472318619,1017.1668335359824,26.225337804986097,5.413744209074382,0
2020-07-27,0.25372185258985014,69.57693331985831,1005.8443646092379,21.58815901874576,0.860321570329432,0
2020-07-28,8.765790805209953,94.89935750551989,1018.2154032328783,24.158201325231367,0.5702691400361937,0
2020-07-29,39.78489230694658,74.91634557825905,1015.0792380719357,17.405481091796148,1.0548342746103567,0
2020-07-30,58.86576433274063,75.79854585153865,1016.0981355368287,25.104681262123616,5.855876838726125,0
2020-07-31,52.77207410676243,65.72683374170842,1000.3601311120091,17.688798836089212,5.443448876343211,0
2020-08-01,12.697493365401225,87.81833420624753,1019.2562071414806,25.409243857652353,2.3374079203674425,0
2020-08-02,62.27086444492694,84.27887790235211,1014.5334198414065,18.44397241130953,6.377741418455916,0
2020-08-03,13.541187952640296,67.72693644760662,1006.0950219077226,16.7632695022533,8.200675020556494,0
2020-08-04,19.681745445904223,62.88333659655449,1016.587893297177,17.479267352144362,0.41578959846593766,0
2020-08-05,68.61787758328953,83.81747557261495,1005.6304239682986,15.029882028286053,4.981299435480424,0
2020-08-06,52.43869071513841,82.90789249983973,1017.4550767913225,25.781094267802953,6.893104121026903,0
2020-08-07,94.59780387317005,69.56408344493732,1002.2516078082388,25.986015735875686,2.5231192706968706,0
2020-08-08,53.590664408488124,93.28022467876436,1014.0737195492159,22.724000248698893,3.0777090529314908,0
2020-08-09,42.00221527936287,65.28702621233151,1010.8139695328982,17.420442015830755,6.136379029893838,0
2020-08-10,4.917853072420524,75.13171803649107,1001.9306894039088,16.253315062660345,8.979352934437369,0
2020-08-11,22.920815360351003,93.02655720586596,1004.8378765651768,15.286934496559304,8.099244203028993,0
2020-08-12,15.408007392941558,74.69045609241428,1000.2480807255463,17.48622265447831,5.831302190995835,0
2020-08-13,13.985010183121064,82.348408168243,1009.3753593092902,28.3628330247472,7.3022171775724924,0
2020-08-14,180.61547030814629,73.9158039286978,1006.0253052152,18.623052625525226,3.6482247020779868,1
2020-08-15,24.969374852001188,69.59753208220346,1011.9671496859552,20.314069908258237,6.409655280987577,0
2020-08-16,111.30276056242614,94.43921767859399,1005.9447561541723,16.580182267219996,4.6618159112755695,1
2020-08-17,49.86671928682416,74.32669022102651,1005.9983822301397,18.335419571222555,1.8993613645756091,0
2020-08-18,79.19126263441999,91.29347212876971,1014.8638639746321,22.788368561703077,7.017382738772572,0
2020-08-19,34.921766219438524,68.04841120618802,1000.9628567195671,24.116290246434787,5.56464637348822,0
2020-08-20,43.00779513207925,67.45866464087791,1018.0578999038397,18.680284712493165,3.586215819535914,0
2020-08-21,33.914671667084676,61.0896929009579,1017.0452774878237,15.865982388376757,9.113391900786308,0
2020-08-22,10.860744766261925,82.80833888815597,1013.3560936645281,20.86549303691098,0.20934117826733267,0
2020-08-23,64.0880901532902,72.89842203033164,1011.8644314021477,18.51305056389501,3.1577315124949603,0
2020-08-24,16.478868418313148,90.2525387443873,1017.846049962793,18.29330884844703,0.5688139777764656,0
2020-08-25,1.2308240540344306,76.5623467342045,1003.7066035905743,29.397942040701828,7.6652731622162715,0
2020-08-26,51.848439314763695,93.88676997701526,1001.5793832438166,24.24450728888586,7.021074541137926,0
2020-08-27,9.746678511241134,66.49339304960924,1004.7902033981908,23.35317664758144,3.31352218736317,0
2020-08-28,141.05415736366515,90.40181087844638,1015.8915655740038,21.236626552849827,6.75662902207073,1
2020-08-29,153.87812063940117,87.18088984771096,1000.6934053345296,21.434165001452165,3.9593722619594987,1
2020-08-30,123.17549423169207,86.98226456254181,1011.6561367016698,23.11357505757121,7.562537914224343,1
2020-08-31,23.114369824868337,89.56741298409106,1019.9087503238262,25.44644710554161,4.5418366273670605,0
2020-09-01,0.7788657685972191,86.63583968300496,1017.1139218767507,25.53219144272744,4.122797278316655,0
2020-09-02,131.7761728665945,81.91771125709954,1010.4289137808718,17.575408615581743,9.347299154883009,1
2020-09-03,27.946913852653065,64.59357071888357,1001.2728181857328,22.501691281149405,2.5087909989070023,0
2020-09-04,170.0421008061028,61.138416282193816,1016.6274702877142,21.17937142551153,1.2044733999656543,1
2020-09-05,165.68677380651027,92.22967467354904,1011.9795701635442,28.057904494040763,5.845431132594582,1
2020-09-06,95.86935085897095,81.58276100822583,1002.2986599411913,24.471283818275644,9.693218122841788,0
2020-09-07,17.438803408608013,87.87880518416617,1001.8771456964671,22.987560996239726,3.7783921372718665,0
2020-09-08,24.31459660493468,76.85328230293925,1018.1925363887318,16.73091963268376,0.6203676362878152,0
2020-09-09,95.23633262390399,64.1057866136838,1013.3840052587616,24.08456833985117,3.3930526730956743,0
2020-09-10,19.057311571535855,64.38150272708927,1016.5857359863351,16.7580585852035,5.059316543195584,0
2020-09-11,9.28593081478774,83.994785053014,1017.5795780056453,20.05809863348628,1.619230066322137,0
2020-09-12,40.68684960301139,75.06070632148119,1011.4354470409664,17.142629472214978,6.58102218056492,0
2020-09-13,137.5646735403521,67.01836543451178,1010.3489270351008,25.381104705365534,9.977493890102005,1
2020-09-14,59.541279887896856,77.20580913595029,1008.6085482064198,18.093781707542288,4.517394759814438,0
2020-09-15,42.205616821782776,62.2473127976297,1006.3389317558224,20.87789059782039,3.5472855673021266,0
2020-09-16,5.111409867466144,80.36899906700395,1008.6919192171742,28.43512166428168,4.007041668344666,0
2020-09-17,47.726535775885885,69.41476915522841,1015.4775931146031,18.064745750984553,1.1514617839520114,0
2020-09-18,230.52848739231587,87.91456852230158,1012.0384686203026,22.617075959381687,8.832736014262238,1
2020-09-19,7.546029332113208,70.86266856232508,1017.8504657990969,21.28907491749033,4.1482565552135195,0
2020-09-20,36.524766249075185,75.93270521786305,1008.8676002875837,15.271860615685945,3.8727441142484134,0
2020-09-21,104.93043189503972,60.406718896783524,1012.1417915743751,26.891371703592192,6.596902729304743,1
2020-09-22,67.5017124176835,62.53564107280956,1012.6261510618398,16.035688594718994,4.420334209311235,0
2020-09-23,59.70372126508365,73.73727447423397,1011.8339432461265,22.113825314654303,6.482334688078461,0
2020-09-24,60.61437781122449,76.79785921509932,1014.0526754617104,23.41017442408425,0.6144629013078751,0
2020-09-25,22.274617115747457,81.00071918417564,1004.7486693674962,24.426396849218808,8.137233437222275,0
2020-09-26,17.37810421335476,70.20819025482561,1010.2472755509158,25.329474439618135,9.405039528794026,0
2020-09-27,82.86872536298561,84.32436601442899,1002.0844960561669,18.799085752840725,6.487653861593859,0
2020-09-28,83.06640995435144,90.10428390162215,1007.6902265528962,15.14968164987674,9.545659288588107,0
2020-09-29,100.89750236839575,87.29478461126725,1009.7533413724253,25.85165493532368,1.514323143699633,1
2020-09-30,122.23079809183182,61.3866588871925,1013.0444851909094,23.03484899021368,4.774161894803537,1
2020-10-01,35.80466184664519,76.81774315402401,1019.0106210517241,27.54176554810873,6.018067339454473,0
2020-10-02,34.809218877559964,63.67255624463612,1012.0130213309671,27.320825443510415,5.817366474211867,0
2020-10-03,80.04749661542438,68.47157555518847,1014.8718783235312,27.649892516818248,4.014617790890433,0
2020-10-04,52.48595374439001,94.53319076435012,1010.1253211899041,22.276419899693103,3.380844093662614,0
2020-10-05,60.52753242557585,64.98734400155297,1012.6820806275266,20.004425937552984,1.268240225504188,0
2020-10-06,79.43097374771024,77.46108537079746,1001.4186443226755,26.87337303887055,3.917424505622782,0
2020-10-07,110.36617381733835,81.63545070113418,1005.087831616837,21.769411695438823,1.6266081510548513,1
2020-10-08,20.62412035688271,84.58627396904363,1007.2370618641028,17.75163294605152,7.3436567649221836,0
2020-10-09,23.546839436377816,79.587703922042,1009.4498671001303,27.824610293422115,2.0883093549459,0
2020-10-10,4.934801959368028,60.34197965967143,1000.9129749100476,28.23839815158521,0.5856530528453385,0
2020-10-11,43.170701330471736,71.42614578853971,1002.8004819510663,21.994646342102552,5.523661378172343,0
2020-10-12,1.83020521054285,78.1199075184649,1005.5362861558261,16.135495909646814,5.952297327194016,0
2020-10-13,31.33034740910548,63.07532747006917,1019.430653818021,20.81739134875397,8.719130612805055,0
2020-10-14,39.1147292843563,72.27194259232132,1006.626940142061,27.05306489193905,5.769816124176819,0
2020-10-15,16.881533015726124,61.16210880769783,1009.6408211622417,28.52661042819343,3.4548085372344572,0
2020-10-16,44.68162650730876,62.75024740042573,1003.9219542547679,18.052091137463936,8.030118815263204,0
2020-10-17,1.5487531050737273,73.89231466705586,1012.2156014215153,16.004604180379072,5.402788931874211,0
2020-10-18,1.903174964139469,64.64505139150711,1005.6136643103195,28.16025679699258,0.7928028463119174,0
2020-10-19,86.46756847690679,79.86392968915453,1004.1398515687686,20.84107408468313,5.6585056031324665,0
2020-10-20,22.329251210387234,84.1312739198043,1010.3314525689195,23.12641446401345,9.080185454216624,0
2020-10-21,6.7944520648713995,88.0205344688179,1000.1101159832084,29.520987180761384,3.9631262549822055,0
2020-10-22,36.93267941395078,67.00525854856835,1000.1532806529846,15.998470918713343,2.9632580189980007,0
2020-10-23,73.48239702228676,65.86189037906745,1004.3813761820371,24.72477011178143,1.4346945701802005,0
2020-10-24,12.155900171495167,63.65987441170401,1000.7344272500164,16.111581338623004,1.5144552193535732,0
2020-10-25,48.760980932824644,82.27505873402728,1002.1605150826139,20.632033926997504,4.327714843418189,0
2020-10-26,4.460551449494864,84.72665042704153,1006.777212986775,27.057218177901703,5.956798241615296,0
2020-10-27,2.6532547955154704,61.105515068897475,1016.0517135915962,21.502083491334517,0.8061540516960175,0
2020-10-28,37.89544703127605,92.76742861852914,1011.440972867386,29.957735308544255,9.395685890251658,0
2020-10-29,38.89552213473711,61.81899492780153,1010.2533545191284,23.385889274199034,7.55133617445196,0
2020-10-30,50.7268724102308,78.94537173553746,1005.8697764641624,19.8174322895393,5.866239182836627,0
2020-10-31,64.74802814583421,84.81711818078207,1018.6350743886563,18.301669888571297,8.284386709389908,0
2020-11-01,186.17785043499964,90.483919331113,1007.9403008247439,20.257808014292426,0.8018675681211329,1
2020-11-02,36.31455596151781,84.99304262463497,1001.7418553359154,20.587999106393262,4.768388777331244,0
2020-11-03,19.50098570529894,88.06048290744272,1012.341330322356,16.030705165859416,6.300931268616634,0
2020-11-04,79.28269898663432,71.88075673899822,1002.276767869532,20.5436129914016,8.286529061182893,0
2020-11-05,15.792573271806864,88.51887898112793,1006.9044628560339,21.963577796088373,7.834695600492677,0
2020-11-06,28.899171563665067,62.80401962346363,1010.1482387743562,25.84106628358207,2.7706924971339966,0
2020-11-07,4.085258429183495,91.31858296211847,1017.4844504937035,24.85094227082412,9.408801695592043,0
2020-11-08,1.2838804770737189,79.16573316538077,1009.8709316068024,25.631484828437312,1.2434584143087035,0
2020-11-09,164.3689961634301,88.60542194868728,1014.0451753206332,15.125455228152857,8.751336186211521,1
2020-11-10,90.38838210575312,75.83113995814051,1019.8563367799815,18.265010993708042,9.709402496046186,0
2020-11-11,59.53213663996708,82.52521933187838,1002.6297823979596,24.925264325997848,1.7715352322262556,0
2020-11-12,26.292982223257095,78.42409313276396,1005.4946305103904,22.25984052269621,7.220660642037853,0
2020-11-13,9.515326807105437,85.60563326143662,1007.8915215119529,15.079702135025189,0.40285518777998464,0
2020-11-14,8.506037078642708,62.85704937107064,1008.4365635707766,27.067419636477336,4.0542282513915495,0
2020-11-15,14.40029945632918,62.11232293966973,1008.2204215053109,26.59214359935506,5.162832991976741,0
2020-11-16,39.83953241566573,68.64861319035512,1018.152220051131,23.22628744490344,5.806452259096341,0
2020-11-17,62.692464388838786,65.5840638039616,1014.2806528893371,15.996949886644082,9.359372482485595,0
2020-11-18,53.969517484839926,90.51242483072706,1012.1581042818141,26.49772574298877,6.722506872941947,0
2020-11-19,16.420613069449796,67.67248955753155,1006.1874543572557,23.75570381597046,4.81277951219237,0
2020-11-20,154.90517492781532,94.1552839536696,1016.475807684426,26.729399657369388,8.096750362658893,1
2020-11-21,66.95087024376132,71.79135271198874,1019.1012102296997,26.276204885937606,9.50532820954409,0
2020-11-22,40.411524096566566,66.37412704910447,1016.4239656510046,27.045031079367558,0.22066148682290843,0
2020-11-23,47.30152360187175,87.63944774998677,1000.0313021038295,22.770120996069373,9.825212722560387,0
2020-11-24,27.20189327660257,83.05477214253067,1012.7280274036682,17.104867772902725,0.8613213906368034,0
2020-11-25,14.233064613703176,77.43685007585987,1001.022707628842,25.06736210069533,8.143867792687614,0
2020-11-26,22.00070646615562,79.43772428281709,1005.1521444066744,24.30710677577956,2.803347525514125,0
2020-11-27,70.90909238783566,85.17206223952924,1001.1904940069554,26.13379780798631,1.3217965775387175,0
2020-11-28,0.7249039860402138,67.99591594659546,1012.0759090589878,17.54821509076103,4.398556397138349,0
2020-11-29,6.169019611998802,94.87168706198597,1013.7317982698521,17.924627998504338,6.4395657944761355,0
2020-11-30,2.3547188476260263,94.1177606751374,1002.2897527613181,28.356142758289927,3.80951845023475,0
2020-12-01,2.0790725958646212,82.7613990221428,1007.6767776608996,26.24966697678106,0.5456540828269896,0
2020-12-02,96.71015168078293,66.98398578252008,1009.1247301791109,28.623427330504843,5.994611396587166,0
2020-12-03,60.812030585034414,83.8079884850952,1007.3810604352184,26.38072981745881,9.024032761106747,0
2020-12-04,32.13922972064462,62.526944314271155,1002.4205000097039,23.957329589854528,3.832153659472517,0
2020-12-05,5.147845922390663,61.07283757720321,1008.3789558037495,24.811991055418105,2.1633277763082703,0
2020-12-06,33.82589828986166,69.01890109789248,1015.0235609561684,28.336918859100148,4.425773459328154,0
2020-12-07,32.07251660471856,76.19180348587606,1001.4201532906651,23.68210131767911,0.4836271104878087,0
2020-12-08,9.509735640011248,90.38953768929332,1001.603600281638,24.48586986492581,8.204875844802748,0
2020-12-09,28.444956565116193,85.45091744182078,1007.0954258367196,17.34715074005401,8.263408109501867,0
2020-12-10,25.416830729160345,85.99472824199934,1018.8345142323785,22.10881830174154,5.880004634296284,0
2020-12-11,47.836121645656725,74.89226670568264,1013.3714529344583,25.745956679371485,3.5310288893838946,0
2020-12-12,50.405726802045606,72.1077247391437,1013.5733991334513,19.064140474745482,7.997833644457834,0
2020-12-13,2.3181162010267364,72.98635670446109,1007.2383998167574,18.033812707868023,5.546870247883672,0
2020-12-14,23.469200232753078,94.56773473076203,1011.8732158241708,19.707402123366233,8.259323085500162,0
2020-12-15,49.15624973913643,61.40382169943689,1000.2026236805549,18.622509419892502,6.314587925830207,0
2020-12-16,34.97197263038949,90.3461023642857,1012.7219209281908,18.22368955554594,7.844054732127973,0
2020-12-17,97.06747265877193,80.25363930003377,1018.2657389515248,21.372762643021304,5.985629932177599,0
2020-12-18,53.74873820274989,75.35153967163566,1012.2514693668963,28.617577708253013,4.141410682156662,0
2020-12-19,8.892643438365367,85.38401811452978,1017.4739718693269,22.605894701080775,9.579458599261375,0
2020-12-20,3.659121812812042,77.0334129498646,1014.4794611093218,17.818805712229846,5.411138248788447,0
2020-12-21,51.41970735544456,90.56981333285812,1002.4111683280738,16.154575040713112,6.050895185405384,0
2020-12-22,1.3434536333697213,91.52456524039405,1018.0490661457168,25.442342177068877,2.2048763941474925,0
2020-12-23,44.067368890364534,74.76023244057095,1001.3288768871155,20.741981466545816,6.256507894272765,0
2020-12-24,140.8627727693576,69.68897290322681,1010.6793494509553,27.32746419878039,5.716076494829439,1
2020-12-25,42.83912227887722,80.73226150076768,1002.8427424758692,24.89266152961155,1.8483839794702495,0
2020-12-26,24.56503461119536,91.93271709658418,1000.2341322146181,26.94362175812053,0.5958709735314371,0
2020-12-27,51.541357892249096,67.37317661519833,1008.4406852025528,19.07919059127673,6.043593197147711,0
2020-12-28,30.647798702554564,81.8038304247219,1005.9008141530832,25.38538383691587,7.636922693503205,0
2020-12-29,39.44071802881601,82.10460770323822,1009.7200098759521,18.96092977040578,5.234013709220083,0
2020-12-30,141.90635731164997,85.65895578453484,1011.5439977346911,29.086027191754376,2.2677262531964573,1
2020-12-31,24.396376367509358,64.6048689794541,1000.874781446179,24.545614223000616,6.665219766930349,0
2021-01-01,162.4545930753377,85.0538737638731,1002.4600659024749,19.86767700263013,0.8010572660960225,1
2021-01-02,117.87880918849596,91.81613822329743,1011.1728479290085,19.04267793438409,4.418337048019546,1
2021-01-03,10.8948130470225,66.28890881045847,1006.8633470634531,17.863898776074652,1.6336675839842019,0
2021-01-04,3.594207765157851,68.31401637233571,1014.5834697509889,25.419614383405918,1.8445905105988336,0
2021-01-05,5.311266774081511,93.99882829145739,1013.0458329718388,18.28073419496891,2.0229394915820365,0
2021-01-06,0.9194943923616852,66.33419334483214,1016.9120872597981,23.929548988912337,3.867070570439779,0
2021-01-07,4.960250582787707,89.90347826793527,1013.8498565333845,18.96952540388036,0.5115020562039763,0
2021-01-08,57.44374362885836,77.22972497568122,1008.598621547803,24.929534171908028,3.977934409290982,0
2021-01-09,3.692481347321351,68.65308760411119,1013.4593324478886,27.22409592810809,5.117074471147008,0
2021-01-10,19.207859414743425,90.4762465445379,1005.5076234851084,26.670378647169798,4.832942849663252,0
2021-01-11,93.17630200486386,75.58568392509329,1006.1262699755642,26.412769963961725,3.8278410040304056,0
2021-01-12,1.1773501590355755,78.01860738753916,1015.7797031984159,17.815836085383783,8.391466080707525,0
2021-01-13,84.22652530929793,72.5731679289918,1008.9283903280317,16.325774204767782,1.453266924205041,0
2021-01-14,16.554173341981475,80.75327980022246,1015.9676068103671,25.484232427310783,5.056967437813739,0
2021-01-15,6.287505991455382,65.7233355404758,1016.4484474733656,20.52520820691527,0.620414169565543,0
2021-01-16,59.65777042199567,73.68785378281163,1017.1512467532257,21.48519339605021,0.7115567887790974,0
2021-01-17,49.56995882166101,93.92943128173506,1018.3327047168242,15.467236391900865,5.738658496770963,0
2021-01-18,104.97079070434734,69.03467014453946,1008.619704410266,18.89364673912574,5.66018424887821,1
2021-01-19,66.41467893822002,82.98578325894523,1006.3773363664228,15.50514605811696,8.78033512844457,0
2021-01-20,81.34979029969891,71.38165224786432,1011.6439749318823,28.187786589018714,5.5787367566007315,0
2021-01-21,16.56669311533693,87.07155939903102,1007.4234484687526,18.650950248277958,9.597910204048501,0
2021-01-22,9.766664802022348,64.58057812514224,1012.0214833360046,23.360057543595122,0.4869484839992977,0
2021-01-23,69.43781980027124,93.94373657774906,1014.1117172528765,15.584689809916956,0.9800768478074107,0
2021-01-24,82.21045916217098,75.88263394842737,1013.7681003698427,25.00271086958487,0.4406586157038139,0
2021-01-25,232.85024450701152,68.26176621712624,1007.4910577404024,19.84541018631141,1.8527685033354002,1
2021-01-26,26.60396770763025,62.572386156550444,1003.337204033975,28.468787804364986,5.412701109416781,0
2021-01-27,23.262195598086635,65.94152667806392,1008.6105867692442,28.321772834010538,6.4557218142742805,0
2021-01-28,74.89772516717935,78.19208819946061,1002.8518828816382,19.879359275426218,0.455851579486688,0
2021-01-29,20.836683546537657,71.79511117509502,1017.8019407036762,28.514413435357017,9.459708898455993,0
2021-01-30,133.5068962199663,89.01091780589132,1006.9175492147572,29.94236510248168,8.42165376650381,1
2021-01-31,97.74195785831246,75.08106332816321,1003.0891949444665,27.38123496185922,2.966124821570931,0
2021-02-01,28.017780472107983,68.70499954056704,1000.508955198115,27.673070216328433,0.7718753022646796,0
2021-02-02,69.48923582477306,81.60007453114105,1012.9164477257297,18.73513104163635,1.6988707321905727,0
2021-02-03,70.23164934275086,84.7372025909906,1012.7380463490948,23.650535982866344,1.2694441375497267,0
2021-02-04,5.441875940335901,65.84646677653325,1006.8120833316258,16.008838709510517,1.2328377929894685,0
2021-02-05,116.4222840433816,65.86667257009111,1001.4342377769531,16.423769052325046,5.185616886657339,1
2021-02-06,35.18537448783772,61.283499942674005,1008.1925778979046,29.98338918049936,2.458474424934003,0
2021-02-07,87.5666278761665,85.77407052729741,1006.2243499012678,19.899588741388666,3.5813971652914445,0
2021-02-08,19.286771308225415,83.23315846676317,1013.5424127947002,26.222758680732696,9.895053333843224,0
2021-02-09,112.93952572729631,76.61208065124349,1012.1155849890538,27.099975795402248,6.843142489253448,1
2021-02-10,24.64942270300856,89.5459657139219,1007.2918745639508,27.87034906510844,9.489806670470013,0
2021-02-11,0.5448403307587739,88.19845535325186,1004.3578510850998,29.964424461032348,1.425565550331156,0
2021-02-12,117.89536484812268,80.48740275388633,1019.7607193231119,18.622447278853016,3.8213947483256927,1
2021-02-13,4.786280527423763,90.38949481796405,1009.0800324239223,15.605262402895496,5.547318032823543,0
2021-02-14,19.232681669251946,67.20444235128689,1013.7654847156048,21.16787276991879,0.7675806188873802,0
2021-02-15,149.84861915941428,63.91718667892047,1002.8110593515672,16.951210047434206,0.04187443627957865,1
2021-02-16,150.39747700519948,69.44123640309463,1009.7117939931879,15.336388337430828,6.704343337969175,1
2021-02-17,42.59986455276319,61.99803996312602,1000.5507343973893,20.406402407122293,6.418195168014353,0
2021-02-18,49.96150401952623,78.59093348003611,1010.109102358209,26.756073766128548,4.107888099996117,0
2021-02-19,29.75073318114288,92.78119923032365,1019.280348142354,23.492710368376063,4.896440760320326,0
2021-02-20,17.35113893730985,61.377023923397836,1007.684134259716,19.69166983815531,4.154430005920896,0
2021-02-21,19.924316727519486,64.27384699035093,1000.7799202514982,24.815130082390795,0.24005044844888856,0
2021-02-22,55.816178996425315,75.82696598992024,1000.6191158183868,18.48027270463216,3.353716062174624,0
2021-02-23,69.79189368315386,92.68562561347667,1007.7597351989374,15.215721691081276,1.7708225539728983,0
2021-02-24,78.40977081105743,71.06546367418626,1003.2004987292639,26.465300796546412,0.9842418910136874,0
2021-02-25,77.94155159243708,77.75321830409374,1000.4670419265638,24.356146272960135,9.567204338893498,0
2021-02-26,4.7818473270159725,61.455050066763725,1015.1242722790035,26.4345393675144,5.993597250421656,0
2021-02-27,34.102479828667796,65.19201203367311,1009.1704601776378,15.584070250314983,7.286562842366027,0
2021-02-28,2.9640853224368895,94.53205430355965,1005.7848954394531,27.556794417459784,3.153637432661175,0
2021-03-01,39.87306578476964,93.7791543752616,1018.0016636603297,24.29289300054455,3.931471294940152,0
2021-03-02,29.127763749364178,60.17289933270434,1002.3227792040105,23.450930260689603,2.369239938967235,0
2021-03-03,109.33093321104006,93.31341248981336,1019.1183765791064,24.369210721717973,0.9696567096542474,1
2021-03-04,21.609580973394255,82.3691978235425,1006.2793343475471,27.96649870302546,1.790316374415838,0
2021-03-05,6.225298877622543,90.37714030820078,1017.7680734461736,23.804047598383605,7.975140452964858,0
2021-03-06,7.715382727105968,75.91589494718507,1012.0588575295892,23.714255698322688,6.7754580518377585,0
2021-03-07,71.67152735395469,78.04586100027376,1016.5341471948298,29.860187355986486,5.469288759854769,0
2021-03-08,48.14528398740175,77.10963030899221,1019.6802632642093,26.35095250602852,4.75089872866768,0
2021-03-09,5.330435612269272,83.34024901411365,1005.7681087563749,21.63440708176703,9.224342836561245,0
2021-03-10,4.392776083430254,64.88779391647095,1019.2227097081519,25.610955000493917,0.727349477786684,0
2021-03-11,60.36042358265499,61.04907564554373,1007.7896378980485,20.838457075376827,2.8060081323791595,0
2021-03-12,3.777304476289857,70.77754795569169,1007.7102380947384,18.433131937252483,3.4993785357071405,0
2021-03-13,86.25929269042906,84.66382669578263,1006.8077420850901,23.95277815331639,7.824258122127878,0
2021-03-14,61.24998765650025,67.0648708243032,1010.8281521469517,28.922731471709273,9.925146201619713,0
2021-03-15,4.242437529015604,83.57013516637211,1003.0829008635698,28.93709280023194,2.4067051475715306,0
2021-03-16,4.432693388890335,93.94692161375447,1011.0742297071603,20.128579171582356,8.743073341370806,0
2021-03-17,215.77292810290461,63.28652505262964,1010.8340962482001,22.915161993325423,8.306227604317913,1
2021-03-18,23.441879127614477,83.54107413787942,1015.2380362520973,18.17453847854792,2.2465739764176664,0
2021-03-19,23.152763023765623,75.53125767565999,1016.6729992387517,29.93446664248325,3.993325801992226,0
2021-03-20,83.77877016413386,90.38497890321268,1008.8088270062485,29.716768618019035,4.096728692925192,0
2021-03-21,147.10822689816217,66.20024263065851,1006.0466649870299,24.74263394561171,9.782206685265583,1
2021-03-22,213.4386969800992,84.24190832791575,1005.1866979463418,27.0662108951621,1.8089190137889832,1
2021-03-23,69.99496150581709,89.33403513768386,1003.8924767340974,25.7265024192555,7.99157971104782,0
2021-03-24,23.601049980956283,93.06149768159081,1001.1529516439805,23.897373285592025,3.341927141731099,0
2021-03-25,4.359699684897863,83.9136809901376,1006.8489595766943,15.800219954833466,7.308703457761604,0
2021-03-26,75.06212702273129,77.40111674029495,1005.4049538426157,21.821465138289916,4.200110042956629,0
2021-03-27,40.86802037807465,81.62465340704249,1019.3283477173281,25.121794532511156,5.7835976311654,0
2021-03-28,27.601656265248685,90.41167445675514,1011.1541765250009,25.16297420825527,8.326117733261311,0
2021-03-29,118.41188377390452,79.97134113235904,1006.9455407806101,20.596839276335754,8.041655649838841,1
2021-03-30,5.894010398594012,61.06354708938929,1011.6093520198739,29.12537979987046,8.664231835397002,0
2021-03-31,33.92525546864771,92.58320434274422,1002.7839340269139,17.510355483551717,0.5961732534465902,0
2021-04-01,0.5709294716270834,84.13343628610464,1008.8808749840441,22.50539169323341,6.920505530397448,0
2021-04-02,31.617718479146312,83.67796850220363,1012.5246864284213,25.363259648262343,1.3998737672176287,0
2021-04-03,2.8975215532962886,67.5486303339201,1009.777956635849,25.457037088377138,4.1581856801841095,0
2021-04-04,6.324549796558561,83.06099145814301,1008.0355760130865,24.729584351532232,5.485884150546885,0
2021-04-05,6.251311600372814,73.78525419789554,1019.876967777994,19.129323201777904,4.027394847468307,0
2021-04-06,52.37841932034858,82.79315419645222,1017.6062952429785,17.34309853029933,5.196116758030075,0
2021-04-07,68.52988587982364,63.730756060779676,1012.4681191631888,24.539104902400663,9.965263087986191,0
2021-04-08,43.77768886014343,83.02458566110626,1011.3875472236457,23.989531742091565,1.3521731371285473,0
2021-04-09,163.73601045511884,94.97948040197333,1012.4132095964917,17.690340154338614,6.754560453364256,1
2021-04-10,23.48982889601336,61.68742136011946,1004.0262421564487,25.57708718355845,3.960009663856152,0
2021-04-11,16.823457871027937,94.20109644774611,1007.9027548652864,21.827579876004847,1.3300979890732878,0
2021-04-12,101.47512690851148,74.24177862530047,1000.789190657818,25.016408874047293,1.5873676337430953,1
2021-04-13,12.654103386592668,90.47637076180408,1009.5109207497366,27.56050619655226,9.49273106245617,0
2021-04-14,165.14350531259555,87.38349194203957,1010.8604916791533,17.545926428653846,8.796014967117621,1
2021-04-15,0.6114472179484653,79.84556913453338,1004.5549947220642,15.28717301995255,9.070419604150219,0
2021-04-16,175.12634614397408,85.84572232379642,1019.2805769433103,26.6865387959368,9.915327758273865,1
2021-04-17,2.2059499309250947,90.74804464554718,1018.1890922187448,24.145461377289237,2.0831539000851795,0
2021-04-18,110.88606145800044,74.14491125778615,1014.4428647091181,25.494593544331824,3.5543933736406172,1
2021-04-19,37.50716251746952,71.44616065471335,1010.6677325753072,27.572324624829637,6.692190299248667,0
2021-04-20,247.84143039630163,83.36576849472547,1017.3993831929537,27.04216402236751,4.838025398606472,1
2021-04-21,3.833068797722747,88.27460796794405,1002.6130468764693,29.41380220393237,4.183895333783335,0
2021-04-22,40.35548318666744,86.67997971718155,1015.8101958854977,23.03902618278177,3.5781124933559303,0
2021-04-23,174.17876106280025,87.92347771005221,1002.4964162793369,22.32743448989858,5.937806319434522,1
2021-04-24,37.0221966590522,75.24541601845266,1015.8842132509881,21.02830799836095,5.75593428640082,0
2021-04-25,49.63141451905937,88.62419756612576,1005.5153513650272,17.30536564266307,1.6145783406424008,0
2021-04-26,59.49506190583871,64.2073169379713,1017.5418116203638,23.589108493230338,4.71739837518439,0
2021-04-27,30.306387783847544,79.05711842862974,1018.8808418765079,19.155187864889683,5.534717762098499,0
2021-04-28,49.383708650401104,60.20155311743426,1002.9759193881023,28.81961268319463,5.702869387313905,0
2021-04-29,43.89129309028778,71.36050404650946,1009.2535121013078,23.747862064156465,2.101071929123518,0
2021-04-30,115.71163847413237,72.82615372049892,1019.6197475632537,23.892602707621652,7.422713922522868,1
2021-05-01,2.3255730871740488,73.86604420632393,1009.6681487194629,20.32386991315515,0.25199094821069634,0
2021-05-02,16.49213629493792,84.34135223414518,1017.2709504502909,15.779840279665612,3.5483185554316266,0
2021-05-03,150.19980029304656,73.5995335444621,1011.7746304426264,15.47615648059483,7.802126485356336,1
2021-05-04,110.4837914226743,75.70427679178857,1007.5065981583921,21.350027162297962,5.638929210554023,1
2021-05-05,30.408763097981,68.31404458060146,1005.7156711105174,16.26848067145857,2.611624325108602,0
2021-05-06,48.396651436948865,73.0638127070269,1004.0644618217217,24.102704333102086,6.949531193430477,0
2021-05-07,16.243670994756506,67.95443695421031,1015.235963827554,28.214595084594862,5.673909441560734,0
2021-05-08,10.420208071803225,62.561857331895524,1007.7308101364606,28.243722247780834,7.962436094563872,0
2021-05-09,31.152929940204938,81.12070076834823,1010.225509244015,24.885681151983487,7.350251861898234,0
2021-05-10,21.797676730836667,83.38744794942556,1009.8465096000236,18.168477472093965,6.1010792203623465,0
2021-05-11,43.81218530033215,81.6821621103365,1011.5455805846626,27.944952470383082,4.88177675310814,0
2021-05-12,4.04611422165924,76.22229153302003,1017.3115429124911,28.291401529698124,1.331821256675234,0
2021-05-13,183.24800612612836,73.29250230627305,1019.6147868716686,17.94980377429438,2.613330178853838,1
2021-05-14,214.19327877762692,90.21667773501389,1008.1516841714763,26.06139128656016,4.1909947291708525,1
2021-05-15,59.893194095639466,78.16786247976763,1016.5503784421261,19.297793233906845,5.992992870063887,0
2021-05-16,38.403921720604494,76.77136571704058,1015.2905558930944,27.039604685293945,5.137078552153048,0
2021-05-17,18.518965077718,60.89747230322525,1011.4705790291115,29.95856849855404,2.881845259595295,0
2021-05-18,84.04535837439984,71.94367396691547,1019.1209428722386,15.450390079940892,0.06464357789710551,0
2021-05-19,57.716479182440786,73.30684665750499,1004.009490310568,28.460487986863978,4.962392219008139,0
2021-05-20,8.873682705024418,73.95879733139152,1002.1852842061925,24.33945800397987,2.856259885622431,0
2021-05-21,120.91505459995638,80.30603292295663,1017.0792393391084,29.60073928747232,7.346083007105351,1
2021-05-22,86.44972556836356,78.67608913544075,1008.782996332675,21.975142762896414,0.2394626527048349,0
2021-05-23,149.5869262516718,81.27667824777056,1016.9393770841413,27.710818958570606,5.8482781130579085,1
2021-05-24,64.68020020980671,86.77091415397449,1017.8618041039083,15.935911028974159,9.414742375060655,0
2021-05-25,47.52020097956864,88.45450085506327,1001.2491518723814,20.029185751174435,1.744092671114995,0
2021-05-26,27.085125329655668,85.1343076679273,1017.6692952597213,16.005248066268148,4.716494907505954,0
2021-05-27,134.9509180773559,93.44332935842272,1008.9663811073884,29.630147002186057,0.9142199181713817,1
2021-05-28,100.519619002346,60.63814039367266,1010.2086497800847,27.25460860907755,6.256819122613527,1
2021-05-29,2.3136469326561393,66.85222949892412,1012.5318502218643,27.78821131868956,5.505316805962256,0
2021-05-30,1.3360408433255682,60.264700624234976,1018.5276521346017,29.069478471508415,4.073655242128323,0
2021-05-31,23.617388079163142,82.6616149954111,1000.3823218885952,16.27655229179678,5.213770214737412,0
2021-06-01,83.18238614980432,91.43106921324954,1009.5368693663563,20.7839638877,8.965746584690102,0
2021-06-02,218.2137734110084,68.52188038017047,1013.7544408486112,16.065523335660032,1.9629430231106704,1
2021-06-03,8.150475496723985,92.44620906787074,1014.4541391539645,18.16189652325043,0.22564511705347234,0
2021-06-04,45.08620651078679,62.10935866013463,1013.8506486307422,18.440486655565085,8.61664884699101,0
2021-06-05,23.973684987904807,92.705260938193,1002.6887025881624,22.03660816571368,5.771170823879065,0
2021-06-06,175.18542771879814,72.30679405338721,1005.9879117674336,19.02843251180464,8.906584554618425,1
2021-06-07,92.29566037168173,63.549728995722575,1007.1743105083402,16.514671602266418,5.969452234131726,0
2021-06-08,91.10950232349286,77.0055115715214,1016.0887441535901,17.512366336411617,8.101610899597025,0
2021-06-09,31.620778556988675,68.98717987021777,1005.5751974482911,17.209133453281364,4.296733633551479,0
2021-06-10,26.79174681636745,69.9705515686673,1004.2140992773441,29.596151968684474,7.498599312882687,0
2021-06-11,15.96944460750306,70.75514877242003,1019.1489603807619,26.389387603777106,9.13041466889856,0
2021-06-12,2.901348192241811,88.10590642414321,1000.1772657022693,29.51642197904343,5.721229637222063,0
2021-06-13,100.02130700016552,78.87064468363391,1019.9564171136395,21.596107297618627,1.8078515056237954,1
2021-06-14,83.80587196249614,70.89576947046012,1013.5364259771479,19.17552722493985,2.6879761503019814,0
2021-06-15,408.6222798909041,81.36168241588214,1016.5693859889824,26.9743979581378,1.9864457689740578,1
2021-06-16,284.74367003721665,85.06527359781177,1005.8923879269239,19.893808770617202,2.468570275957329,1
2021-06-17,40.5325796320697,69.54184002567368,1000.2863055533412,19.490750605580224,3.0641544935103635,0
2021-06-18,73.26415451031303,74.4742185533873,1014.7573903712306,18.48758988311747,5.551337867531885,0
2021-06-19,144.8085841437218,64.26601326679317,1016.6828919400135,16.94518467336353,5.879916294638328,1
2021-06-20,94.73860073546228,66.3402272337138,1014.8095226390703,18.84694591525149,4.264997472418611,0
2021-06-21,14.207622229057327,83.83912488877439,1002.8570057460167,20.329796227108314,6.154207798208354,0
2021-06-22,29.941341369993225,66.35034216934694,1015.0685584451394,25.109913122185958,0.8157492561136592,0
2021-06-23,6.914817215654432,78.38071842834711,1015.3784556421529,15.938472633291774,0.8778823705815997,0
2021-06-24,154.01118932208544,84.81661916028514,1013.1708103134011,18.157604094980144,1.7182946035765845,1
2021-06-25,46.59238512943091,63.740692308316035,1015.3223186559118,27.135354604375145,5.180774980403448,0
2021-06-26,12.980186270924184,79.85592768701163,1016.9184287935547,17.203828853756562,2.1399467869831357,0
2021-06-27,55.69147695866251,68.97969742954773,1012.2720822847492,20.139677197837823,2.832844034925773,0
2021-06-28,48.133521737153586,93.70244063331529,1001.7720942793936,27.969883827872103,4.0031283617299405,0
2021-06-29,22.171023114855302,76.92409763519737,1009.7525561933442,17.32387966715164,8.118661240103798,0
2021-06-30,6.026956069923464,88.20973924213054,1001.5529866934321,16.24105253427285,0.13862135912860118,0
2021-07-01,55.67206417595511,79.25792897546916,1008.1508606206486,22.268069926200162,6.493788202366224,0
2021-07-02,36.730521209301884,61.51943864991867,1008.1421297825126,19.536292669178046,6.688765310406853,0
2021-07-03,73.99035404802575,82.16029814579078,1001.3201968828048,23.45112546725781,7.986557803566365,0
2021-07-04,36.71549302117575,93.299116977233,1006.9764106793896,27.057073357252126,9.327529390603132,0
2021-07-05,95.5885055654242,81.05641370512159,1002.2199619758263,17.057227322291148,0.20137848949289827,0
2021-07-06,40.13770595107437,88.67161007993765,1016.1647042001845,23.710486268314273,1.5378370551321618,0
2021-07-07,41.155729049007356,90.94722621719427,1018.9537605192894,22.58263140584796,8.861712940559931,0
2021-07-08,104.63793216148858,67.98279201821263,1001.4463295051588,17.161181790197993,4.585185621870154,1
2021-07-09,25.83236569940585,67.42156939678793,1019.1023041458341,24.359977282934736,5.645906389334635,0
2021-07-10,7.194397769514947,81.38433460978472,1010.451531986735,19.104606267911574,6.630272037231474,0
2021-07-11,1.460251071604734,74.38599644323466,1005.9913135590775,22.317514778160188,6.790666044956374,0
2021-07-12,70.35287263312928,89.39514560033521,1001.5372415055233,16.23408486415593,9.317404033165083,0
2021-07-13,48.41994835303398,91.5008093189304,1010.0124853614084,21.893760858204345,9.969494174116697,0
2021-07-14,60.883267389893824,72.36974827559513,1015.8903108898149,19.596952020642306,7.201574609309402,0
2021-07-15,11.974074674672174,68.29046956410687,1014.141729545334,27.335718167780314,2.872212092051508,0
2021-07-16,7.330627561413933,87.31839303353516,1001.0045202292795,15.854680904960524,8.797524022943437,0
2021-07-17,0.7325738132834391,69.61821124418476,1001.458036707358,21.279109123774948,0.49220914540761607,0
2021-07-18,21.584363075753462,88.79150114797875,1008.0574656526527,21.87647136197157,2.3108085287449622,0
2021-07-19,44.56986878324723,74.8308388777067,1005.9058098809588,25.87509114448678,8.973857174637148,0
2021-07-20,24.899093378057536,83.36424647520147,1004.647686461121,23.614313626353166,2.5619151443935495,0
2021-07-21,28.76597814142156,63.34373598421339,1005.6200899781743,25.008185057912716,2.206510596217485,0
2021-07-22,117.25307614907207,81.83507636368006,1016.0696548659377,26.65573928477634,1.3812529314024724,1
2021-07-23,21.405130721255585,75.81186875580302,1018.584561072637,27.93304460487283,8.591117576469165,0
2021-07-24,36.076251403616055,80.5312962111416,1008.1020538905514,19.70813245083706,5.000582591910867,0
2021-07-25,76.54358688598508,65.88049727107023,1018.1222200426499,23.070340580458545,6.748932030541548,0
2021-07-26,25.254006564958985,85.79058107304637,1006.4299140249576,27.601621176587997,2.390663840750297,0
2021-07-27,48.65452376765427,90.197897714013,1009.5287397268759,29.841766964475845,7.580404210112165,0
2021-07-28,99.15703218421534,67.58589300317715,1004.52057995632,28.342789665656447,7.600055449620985,0
2021-07-29,149.3095207687334,63.35000944320566,1012.8095208435169,20.572008939365652,3.1259802490830015,1
2021-07-30,7.954093965741799,60.82735051162177,1019.5796223034962,17.927497758279756,4.1068263301028285,0
2021-07-31,130.58313815210394,82.4690025155143,1012.0698619208675,22.34088806109883,2.0969027743020083,1
2021-08-01,33.87513904977653,81.24829126310733,1007.156281682271,26.124621777540632,9.765610233229044,0
2021-08-02,14.936772717569788,79.13440944499246,1012.9563489198106,22.388536061299465,6.456025770584116,0
2021-08-03,30.729348368534875,68.11814836405914,1002.4584135693077,22.247712949705026,9.345438807155155,0
2021-08-04,195.68265487902957,73.68170985669302,1017.773181605308,27.57345631622701,3.033855436291332,1
2021-08-05,33.924564633367986,80.80667173151606,1010.0616790155967,20.421056686007795,7.8189091299688975,0
2021-08-06,19.93080160502499,77.38684006007092,1008.9869948407928,27.896920122174684,7.65858643884742,0
2021-08-07,50.17431369788298,94.57249320752105,1011.7172957690703,21.102072014275855,6.916556518665415,0
2021-08-08,13.731423385780147,64.77539133948567,1012.495677255788,19.92349658517509,9.656389752668005,0
2021-08-09,3.944765248811752,84.33005939166578,1001.4355161245303,21.809848667995485,3.9355533610631555,0
2021-08-10,6.898760985620793,74.15115688365023,1013.6523444244681,26.436704380123025,1.307173235897573,0
2021-08-11,6.850921203350356,74.98698652239652,1004.8386336063106,16.890030417959913,6.717088592440607,0
2021-08-12,8.237995077833649,85.11592179803617,1014.2790526501318,17.94628823808026,7.2930980047720615,0
2021-08-13,7.473003303375828,84.23526529635294,1016.4506958876839,29.27167238494638,5.750605734588147,0
2021-08-14,51.204202553790324,94.69395977957659,1016.0791701510504,17.63237441072036,2.0681789313339625,0
2021-08-15,10.037317851724081,64.49380013089439,1011.0500193481578,23.51590976896582,5.044559416693554,0
2021-08-16,21.206965789740263,63.643837728445824,1010.4033978462151,23.689716999929068,3.121897365691294,0
2021-08-17,113.54870625641789,85.35185859950595,1002.8575192267882,22.344366930753672,4.27466528166689,1
2021-08-18,32.11905708232968,80.24354209522431,1015.5069230080627,24.67117872865228,6.452185758446639,0
2021-08-19,55.06445418261903,69.59562332959321,1005.4281876089343,18.447400886964278,7.452147426908345,0
2021-08-20,9.456425855660825,62.77967791461453,1009.933908456359,23.289934016651223,2.3222469090134314,0
2021-08-21,10.677549049754752,62.99803873587507,1005.6854818585504,20.582598828703457,4.053253606469534,0
2021-08-22,2.086360635878265,91.29668061324413,1002.6765672599938,24.925008894437834,2.6916157099162916,0
2021-08-23,9.252367203279043,66.715356365156,1012.5911539378347,17.11835315059724,1.9863161386186912,0
2021-08-24,16.327405931557276,71.31800467404322,1001.0866406964581,23.563161252592142,7.833872199958384,0
2021-08-25,9.740590874155398,67.93297407794458,1014.972904682524,17.779055330749856,9.092526944369924,0
2021-08-26,4.644295393018378,72.42487070411781,1006.3517359052223,19.179645946725547,3.702321856845767,0
2021-08-27,6.427810674667627,62.429834496113266,1000.0026938600897,18.280647004853748,7.512789243737669,0
2021-08-28,30.881467168268955,78.16709268178947,1010.2225827847446,17.742566698032256,8.96995289364411,0
2021-08-29,11.554610317254829,62.366439725727524,1000.9370381705521,27.385664273410004,8.461242105302315,0
2021-08-30,22.649055775545925,88.01247777378265,1005.523391156418,19.285613514913354,1.828133885392259,0
2021-08-31,35.00025923571652,68.17992286686516,1014.1395297491143,28.90685672796674,9.562918815133614,0
2021-09-01,58.62287170062711,78.90041701115787,1001.2537924324373,29.54889788017786,3.7667644042946247,0
2021-09-02,2.0052865050007713,90.80276806465103,1016.78676984712,23.56890704905646,3.3924066117383633,0
2021-09-03,80.32471219130598,82.78070791665179,1000.0763984531717,17.145016839985896,0.6243132727778034,0
2021-09-04,49.429684518364816,78.65352252929674,1004.9364773840381,20.618223650693718,4.86173654104883,0
2021-09-05,4.264771518816713,71.35168135903814,1014.8180811230415,26.96598395022321,1.090136156409287,0
2021-09-06,103.40673492440453,71.65506695703692,1006.3254029945862,20.510860930456058,2.48539820927426,1
2021-09-07,126.8346773189464,83.43204343193665,1002.0378477613202,16.30525827454183,3.1694262176728136,1
2021-09-08,3.15114137800817,94.79487764274086,1007.2046783760086,23.35177366392282,8.088263234916841,0
2021-09-09,16.20884215643254,83.16437164472825,1005.4078657276905,27.67681277244052,8.754886503958964,0
2021-09-10,82.04675916133213,79.52241960795087,1016.8542380432111,26.938895807152537,3.024663174614697,0
2021-09-11,68.96786201071542,85.57276785837361,1006.2669583517029,17.6268471019553,8.586981212445739,0
2021-09-12,10.198981603090024,76.28219642993014,1015.7786494355202,25.091469216187,8.57230937369791,0
2021-09-13,11.744951559076663,62.10498199102748,1017.8374428962147,18.307563951534707,7.646509503848735,0
2021-09-14,23.139255501218486,79.68038855572685,1008.6763483915306,18.273113018282583,1.4669511401518154,0
2021-09-15,33.13312823343072,93.5168849576883,1018.1988628770879,28.11107659957778,6.90322846900729,0
2021-09-16,48.1500917029276,66.1356029825181,1007.5463610792639,18.74503429110345,9.450240645805687,0
2021-09-17,23.01562815001756,84.1501711787233,1019.2815683298022,18.94871019777017,6.82540478767157,0
2021-09-18,31.04455546104588,67.03267910306698,1001.7857904905114,15.009800861419492,3.3161684910783396,0
2021-09-19,68.81144701949212,78.75396895655784,1013.7403853300649,28.060035511882766,5.005793174308312,0
2021-09-20,1.8686476160739232,63.38367573763519,1009.8762808091386,26.88892219813702,6.457250433510536,0
2021-09-21,14.546831094119861,75.76298276903648,1007.752976109113,24.40993402636017,5.105704087285035,0
2021-09-22,62.474593747801286,86.46571651133361,1012.6542375749721,26.253986459082633,1.1995294173096982,0
2021-09-23,112.78833771653068,72.16500334836438,1014.0771418326866,17.28072851136738,3.1206404465202064,1
2021-09-24,35.838955610420044,83.27191035705263,1000.0872653930062,21.87485391881363,8.023960305536326,0
2021-09-25,37.97647511765344,87.84074862764052,1003.339061774944,20.268290810231715,8.614180460955174,0
2021-09-26,5.668066927033169,92.45122368178085,1014.2609210126864,16.406647893855247,1.3730003271557023,0
2021-09-27,29.657162304177543,68.21247286494088,1013.3277082715641,22.29195727822386,9.523867523987246,0
2021-09-28,38.0303399527645,73.97605705332579,1019.3209501025735,28.811094755139532,3.2882261784860933,0
2021-09-29,13.884640163032666,65.33456046656461,1015.2207558050156,15.600886785760418,6.6231373873071995,0
2021-09-30,15.683730593927192,94.73692257554313,1019.0154541546268,19.371913702406907,7.5182514595668115,0
2021-10-01,23.6832492401236,92.44503387735034,1014.0508100306961,18.113114043085552,8.119462346378834,0
2021-10-02,1.0137680375157256,78.89849955981958,1005.9610441727889,18.572199804985445,9.457497022259302,0
2021-10-03,19.436238062806787,89.47116530317474,1002.1072984450171,28.62651827819063,3.1291954802882262,0
2021-10-04,11.877846781181493,78.23352920452147,1015.6364772668987,22.021035813514352,8.585064545515545,0
2021-10-05,19.837461511599134,81.82549908009659,1012.8829844295183,21.994491194097282,1.3168690343620704,0
2021-10-06,6.378155164239063,63.11935512406058,1000.9637202478659,26.408634636829234,7.050409063535927,0
2021-10-07,110.60399499715123,86.43446471738828,1007.2010093180196,17.317383060073887,7.419777295139859,1
2021-10-08,45.019940693977986,64.46997192723322,1019.1359963096858,22.30898031150076,6.777232412013205,0
2021-10-09,56.83164789465158,88.9123670588385,1010.008022914204,21.449778211815897,2.52314736135153,0
2021-10-10,77.83545161888956,87.3709830684635,1008.654582720394,23.95366035819984,8.730431470152034,0
2021-10-11,34.50182109244426,84.80606442100418,1009.1539921031858,29.99336554875658,1.68858463370395,0
2021-10-12,4.546604725872792,61.265613318366675,1004.1776544801032,26.541733411230705,0.5363479152083084,0
2021-10-13,38.51291816474113,70.6094924580865,1007.374143417296,20.967985545261406,7.174649906119122,0
2021-10-14,44.19615289356868,69.2089399468795,1007.3962651197436,27.413295784110705,4.754757152327337,0
2021-10-15,68.41083244042046,72.60477426150317,1001.0471004037495,17.5606254496872,8.49098019958676,0
2021-10-16,28.251732469149104,63.06749613673435,1015.3513525703584,15.456955294634401,3.8339714105825893,0
2021-10-17,6.824233336465611,92.7935238060872,1008.3300886380775,18.066725586964097,1.6827858850771282,0
2021-10-18,16.688109013085196,79.38307842493317,1016.4435977363285,20.106173341713895,8.364421924698696,0
2021-10-19,22.555741273731172,70.69335087303082,1017.006960022398,22.6587113618934,5.489096316400717,0
2021-10-20,51.91123058109308,73.89435309759992,1004.2398810939732,24.226937108117998,1.8919579239035489,0
2021-10-21,42.28908606007098,75.65208891766925,1013.1470696434026,28.659085758216325,7.203839985864457,0
2021-10-22,22.010337982590308,81.02080166762161,1009.4456360832596,22.647810143256866,5.111136384895005,0
2021-10-23,215.3097886084906,78.04877996937742,1017.6031347584297,22.51913466938594,6.043129822403198,1
2021-10-24,46.541650423360466,92.17871906250461,1004.314813583529,15.753645147344733,4.608983382065819,0
2021-10-25,13.539726437839997,77.39372190170405,1013.5562640062009,15.523673289843357,8.287089838180064,0
2021-10-26,5.367150231244342,94.72553051881594,1012.1550424450545,23.26739942874558,8.295627156830498,0
2021-10-27,8.294414629491294,89.79987352107835,1005.9060295514366,21.57267919872517,7.093888218243862,0
2021-10-28,14.115342469757048,67.29786800250676,1002.7320180730235,27.58770592470448,1.0540137739646227,0
2021-10-29,8.758243747714701,92.57083251253707,1013.0327952095455,17.41019377067768,8.388538619040688,0
2021-10-30,10.32458727272902,64.07282392599166,1014.7719491626466,15.374574931755744,6.710129805329098,0
2021-10-31,16.780292410772326,88.61073979719171,1006.312546875267,21.73558151895189,6.970241660042995,0
2021-11-01,9.52012168314435,73.32181527168031,1012.8966520804463,18.562178351283862,3.629828404038716,0
2021-11-02,113.53757246779577,90.72910121557743,1007.90261815223,15.744215600082562,8.792795561570067,1
2021-11-03,4.181785629600008,90.38198415376077,1014.2641376656524,25.868974302714435,7.2537160023485745,0
2021-11-04,37.170617505635136,88.20738900411673,1003.9843054978811,16.673894999358712,1.1259046652919447,0
2021-11-05,26.415277824465118,87.65106527074715,1017.8043000527235,24.124792500116577,4.077780344061627,0
2021-11-06,201.93210830079602,70.66376986843143,1005.7481919293116,19.215746252503337,8.863803619601416,1
2021-11-07,5.941367284870245,62.832174906793824,1007.355719755123,17.60244075532533,0.47196701697378995,0
2021-11-08,25.36289968712152,74.10430625678065,1001.161839041607,20.69627284378976,9.614166196420495,0
2021-11-09,174.45298320633574,66.0733580245278,1002.2302442464255,27.021686643344303,6.791625683195628,1
2021-11-10,100.31220309840774,84.32328811158617,1010.3172380542466,20.88140365356859,6.313759776433766,1
2021-11-11,84.93315170180897,72.11349042882249,1005.3518535345594,26.261544738165835,2.7055925648799137,0
2021-11-12,14.913754176675232,94.14635703009702,1016.7096045148439,16.88229445198726,2.4879178873917707,0
2021-11-13,9.369976639324376,82.43402270708663,1000.2938677730991,26.591571294976188,9.420582194885954,0
2021-11-14,55.22797993408918,88.78681972720263,1007.5818809734387,18.55399987359973,2.982724542341227,0
2021-11-15,132.51925474799776,64.6383635459647,1006.7469109353818,25.160896948333093,7.755052967189994,1
2021-11-16,40.682521095237114,90.17050687954179,1000.386552618352,23.486723322614946,3.9312179820707915,0
2021-11-17,42.386378072929325,92.2965016679688,1002.4873679800102,28.93717075817531,1.3925407078470398,0
2021-11-18,16.423751540532542,77.04716715866276,1008.2728534983727,20.80983776962971,0.1071529769535895,0
2021-11-19,73.37368792060443,81.21885282128422,1009.857291688949,15.992477832516606,5.442573370152508,0
2021-11-20,10.353899107303542,86.76834303160484,1008.0857949450974,15.287332283268794,9.757788185489327,0
2021-11-21,19.554390655961633,66.11935195411444,1010.6187535682419,27.402878414591296,3.6913619380920446,0
2021-11-22,27.707227503491527,77.58981267622049,1011.9026334981137,22.871034564921484,3.571923339930448,0
2021-11-23,35.42424813223492,73.95320597203096,1000.1984764225567,26.62866077752424,3.4409161784944207,0
2021-11-24,13.88062917848029,65.12308972567872,1009.28190318907,18.51638400017272,5.205438373048584,0
2021-11-25,6.099163607206772,72.8637047802036,1019.2699848177517,20.176256182698506,4.406648834242936,0
2021-11-26,47.159982871467825,62.386030828492274,1010.380645602591,15.451558083169784,8.799146267270144,0
2021-11-27,17.02816842182709,60.90341674323204,1013.5508453491791,29.422384868611683,5.0552079172349025,0
2021-11-28,43.522653414622184,64.7308201204188,1006.2372771583376,25.0180186005122,5.077578381885688,0
2021-11-29,8.38323763853399,93.70902890562108,1015.4798275630552,28.998076316389593,1.383715947205566,0
2021-11-30,32.80606890142638,79.2335337563256,1015.4584296375223,18.982446111436087,9.82739540910386,0
2021-12-01,38.02736240645389,93.8037756403627,1010.4259209530828,24.171954168384914,2.499728908688297,0
2021-12-02,2.6607325728560665,75.13742574155462,1019.5202764655843,25.177499524389567,0.7336406745960267,0
2021-12-03,20.51918006902116,70.91356465798408,1002.5110042952531,19.76324550386383,6.631462489752088,0
2021-12-04,7.21746634159658,77.71496519940854,1000.3389532977916,27.72163852523445,5.953663701568726,0
2021-12-05,3.2736129386262443,75.38290910215186,1015.403164235142,29.207421943503718,4.151456539927457,0
2021-12-06,230.0600655697662,63.69826394916104,1016.1431107472977,28.272826765440065,4.221922338806781,1
2021-12-07,19.456501125971013,82.42892101415721,1002.4041445824115,26.08600463909059,7.850639210464312,0
2021-12-08,83.00353068849493,67.56133638783598,1005.3116566591722,19.16197019587431,1.9571264009964906,0
2021-12-09,14.69444171467007,81.68557842142404,1000.3510472673325,19.224240631584475,8.202533189448896,0
2021-12-10,57.20706755101757,82.75703823393536,1005.8661722156113,29.450404806690567,6.487471138950181,0
2021-12-11,71.40331114141043,65.32086985950268,1015.4628374783734,15.15426743903538,4.189697737795244,0
2021-12-12,45.27232970845699,62.147236948873385,1010.3592105542516,25.740749598632167,4.580286165838686,0
2021-12-13,31.892832202263588,87.32665551239539,1006.9619118633658,25.593692438328933,2.566472071860958,0
2021-12-14,26.537890675268887,76.09301483192621,1007.4347858981266,24.340343114246963,7.521143326969748,0
2021-12-15,21.45216508519874,62.03573284269165,1000.0270725143093,29.851632691302985,5.128747423052678,0
2021-12-16,132.62780241103906,94.82032110094185,1005.9960105513047,19.678191536455877,3.2085454274984357,1
2021-12-17,88.7803535570899,62.02231963487283,1012.9291748327586,20.099577956898724,5.960501157609502,0
2021-12-18,167.65881947078458,84.32623301004936,1019.4838888763271,16.184091044198333,9.95734452051323,1
2021-12-19,6.6364270918052775,94.42876238421948,1016.941216539678,21.641972048156063,4.352622796565538,0
2021-12-20,65.62756817302538,68.3713036475574,1000.4718992929106,18.91572789352272,9.206914007786196,0
2021-12-21,139.30636326306202,64.97872790405187,1017.9712120934968,20.150800532664665,3.450168399245661,1
2021-12-22,9.997790485039884,64.24847287978501,1015.6639682659725,27.518576853834414,0.5473270692498589,0
2021-12-23,3.4405158736248436,70.61463016486584,1015.6075224714197,29.032267702912435,2.042421063684289,0
2021-12-24,67.5696576594311,63.536603385372636,1009.1599151800714,17.785996080077783,4.1869514332768425,0
2021-12-25,42.72135720993349,84.22564695929462,1007.96010585909,20.587633973301987,2.19634928594569,0
2021-12-26,92.2038570660739,62.180212934552195,1006.0583145766639,28.92945843173091,0.002270382182555375,0
2021-12-27,7.52791232070963,77.82977448524264,1001.3138971790873,15.92712691033834,9.150015377475272,0
2021-12-28,79.3025055515934,94.88438988485419,1004.564707269874,16.385407921670677,8.43879411230929,0
2021-12-29,11.258988653351148,88.48895943271066,1004.9320726995605,17.44186483809344,7.422922314869471,0
2021-12-30,8.9357599482759,81.53268033808538,1009.681541394204,23.92819251190312,1.6781459564602863,0
2021-12-31,8.972232827997535,70.71887672753141,1014.9488881319339,17.257084065089963,1.2036357620998606,0
2022-01-01,84.25516412820043,81.83635427020735,1009.4761965679589,29.521145721761002,0.6760474947238315,0
2022-01-02,54.710681950798445,78.4464512369078,1001.1568889889433,21.700717908877806,7.240291887729212,0
2022-01-03,37.018797817302215,74.912918436163,1019.1557960197641,22.522769405252497,9.288079606878853,0
2022-01-04,22.22307008390341,64.57486318590698,1018.8544863818822,18.6998792370811,4.30535820913037,0
2022-01-05,104.86013336471662,91.03114753341633,1015.7037908629682,22.064403786521,1.1914067199604816,1
2022-01-06,24.915637484872246,75.74246270874629,1019.8265580312844,24.928704489555173,5.1239282073210655,0
2022-01-07,84.80413314240349,66.81178791372677,1010.8896466560053,26.267657054310643,3.4883190745863013,0
2022-01-08,28.913744055694018,72.87157728070514,1019.2553670050642,26.308021240648696,3.748249243499977,0
2022-01-09,23.655978290886857,74.49454133851245,1001.512100812335,23.668366690411325,6.213306241557072,0
2022-01-10,31.05805299498013,88.9638263448406,1007.3136149652274,28.56539662490786,7.187181132622023,0
2022-01-11,17.932263771532103,85.67650331964907,1004.5076253601353,27.26111770959164,1.1060359887316085,0
2022-01-12,68.83886564684697,86.9256712774469,1003.9166616826853,26.35572172047938,0.35590230806476386,0
2022-01-13,34.9301407847798,60.386094255002654,1002.8160589778536,15.83408282520691,9.943303026857148,0
2022-01-14,13.212126549853261,74.56538993629165,1012.44827283132,15.10316943329474,2.3272834891555183,0
2022-01-15,114.91699247752918,76.84704530723633,1015.6264371149462,18.186709157932093,0.5383052490845908,1
2022-01-16,24.216587117935564,60.671729688806984,1011.5659679884072,24.952853908701783,1.8987532909591998,0
2022-01-17,39.21411910888818,69.09346230607619,1002.9392541917642,21.167962333238187,0.3895784634846422,0
2022-01-18,118.47478043548132,86.61014380927473,1016.2224753986694,21.036093889489678,3.9181089461717167,1
2022-01-19,48.93996519286654,64.79883970051496,1012.7190941432746,28.268803323444207,8.024017844513242,0
2022-01-20,6.215730792888988,78.73585460084071,1007.7633141225399,28.43344272197758,3.412444497577206,0
2022-01-21,140.53083419661044,67.53206552060331,1013.4826059107213,28.637628960803784,4.441834068783665,1
2022-01-22,49.40384644674131,60.424227112536265,1005.1980995848567,19.70817114772541,6.7558677356743875,0
2022-01-23,20.39131577756547,68.44205101598395,1006.9038441698842,25.365837191088925,5.088940700698802,0
2022-01-24,7.498841030821291,94.15558142185188,1018.3497168626398,19.074497719115545,8.614456860213242,0
2022-01-25,79.00006978401335,88.05379891590464,1005.8100901134284,17.859147496116748,8.660356750457565,0
2022-01-26,48.38877537814262,93.58518255123617,1009.3997653631587,17.769486860210538,0.09910695491153643,0
2022-01-27,38.12069290245141,77.07489153742269,1017.8028227479203,20.13161431295391,7.7804630648319915,0
2022-01-28,112.16516652682228,63.840766953712624,1014.1544270053505,21.449364296697325,4.607336002416739,1
2022-01-29,77.6995006848036,79.17858211407925,1001.244064523294,27.464237565826025,9.888405413036631,0
2022-01-30,8.224566006317044,75.90320670959863,1002.9460608855794,16.798366402090682,4.832320758754351,0
2022-01-31,18.678127569790025,89.55249789588656,1000.1568318154383,26.023887710923415,9.868959453882976,0
2022-02-01,14.283480927441897,63.43289032744856,1012.6184358045832,22.97182371283958,7.545693612057366,0
2022-02-02,68.11840309342058,77.08843979576224,1008.9534685082084,19.31918014013989,2.4860488461330634,0
2022-02-03,1.7053769928918965,65.25170326428945,1002.6854970180456,22.39229376799237,5.3839497928695765,0
2022-02-04,42.18567781930715,71.3636574411521,1019.1586824211354,19.49913104665534,9.921356394785828,0
2022-02-05,71.87068579298894,85.80749770857298,1010.5931944789124,23.94122932857459,8.575306077519237,0
2022-02-06,104.6833672192969,76.66063452790682,1004.8378658822578,21.50765884282866,0.973668937912211,1
2022-02-07,20.933729677254636,73.15608998010192,1010.0120714230942,17.46608293618318,7.063719968099961,0
2022-02-08,86.09039817705015,73.80666974995124,1013.5924066547021,16.74874611833545,3.4557958587081306,0
2022-02-09,5.862194254938867,76.08063689420953,1001.5247843594713,23.20043523108195,0.06982261880348117,0
2022-02-10,93.68719786058438,87.47557903429698,1005.4940763009579,28.53619549929155,4.034809690269996,0
2022-02-11,6.818981526403542,91.2229641129082,1016.1393098176799,20.159365298365284,2.347544217249713,0
2022-02-12,25.315731560493216,93.43671402763749,1009.1932974080532,25.995001608339347,8.188692705204716,0
2022-02-13,79.8002681663245,87.54161851893532,1010.9315428406459,24.879920324096503,3.373306088457655,0
2022-02-14,8.121089496020808,71.03924135118045,1008.6563200441893,28.973323714642216,8.275236939538171,0
2022-02-15,13.019651122237546,84.08471471302897,1000.8779988528601,27.314715259487112,0.005979388347953085,0
2022-02-16,64.05215488224528,75.31610934193871,1003.3149955964032,23.499078883581944,3.0781915002611915,0
2022-02-17,63.65480859958473,68.9134717716118,1008.9108327748378,24.85545747351161,2.411652143077619,0
2022-02-18,51.24221043686954,89.4305052799073,1004.1837093081585,28.475796998760522,2.3356736106861096,0
2022-02-19,59.20008545438085,61.34492221368137,1000.9995805731936,20.992781768804022,0.681866197654627,0
2022-02-20,39.12345505978191,91.56166972473983,1016.8729932810364,19.90192058786666,1.8712427041050173,0
2022-02-21,14.504184962970495,76.1517112618657,1019.6238505832823,15.162166254527945,5.555495698856198,0
2022-02-22,21.20915968966317,82.30205168828982,1015.8628574799347,27.398266112871962,2.913610728377445,0
2022-02-23,10.020063725826592,83.07738727720239,1017.0756984340934,27.014710506050474,4.1739478232914795,0
2022-02-24,119.54380696618259,91.32912092472877,1004.839542606341,16.566817771502272,3.7686688034718854,1
2022-02-25,43.780452731829925,82.28343887585226,1019.212539510264,23.652860716990503,8.759049249998945,0
2022-02-26,25.612282973951118,81.48767546660216,1003.9385140890686,21.95972547250331,9.052989990105155,0
2022-02-27,30.995375316058166,62.332821419624146,1019.0285962072367,16.780636432636673,4.929569716558601,0
2022-02-28,147.14118684986056,78.14428076808214,1019.896385879319,29.708523405910853,3.301559503156044,1
2022-03-01,8.323477506425034,65.25591502859646,1014.2344561149209,18.220438311950332,1.0680070400236363,0
2022-03-02,44.122230455427704,85.810181905252,1019.6228746358364,16.008512701358416,9.53402879382095,0
2022-03-03,35.24972203965886,77.92776722844361,1011.3907955913421,23.922710692528643,0.6022694490029745,0
2022-03-04,47.26721590015364,83.80797227229236,1005.1908356635219,26.08300015699549,2.976502775682804,0
2022-03-05,0.9138090203248618,61.45855152108345,1008.7399177133124,15.486651690707804,2.9806620117000415,0
2022-03-06,102.83467612703483,62.967720561603116,1011.8712187075757,24.880764580905332,3.2040128614021492,1
2022-03-07,134.4994268345626,85.07131858219388,1001.4616312405403,22.984378139271815,1.6428684327240928,1
2022-03-08,41.63577319716988,62.52295175995357,1012.4468652923449,16.548975133125726,7.831614309236972,0
2022-03-09,59.64353702629791,62.49398547178405,1019.6235567352459,17.58785815419543,1.2249786196598922,0
2022-03-10,127.87346789228131,60.42379663322106,1003.8021529956745,23.51961445974121,6.349066591531628,1
2022-03-11,61.41987266962591,93.47754894048181,1015.8519023257677,19.445364202699327,1.2384602670581746,0
2022-03-12,8.275525456206086,85.81279258106524,1018.1579758755923,29.07473592976974,0.7053563759295656,0
2022-03-13,42.93510749262801,72.36379929757224,1018.8740318564044,27.28110344226076,9.094295036858766,0
2022-03-14,46.66104285170075,70.37874534506793,1019.2027120881089,29.753508097704945,1.9012876631870568,0
2022-03-15,27.593725196141055,72.23961304110473,1010.4291927744295,18.89506258425621,8.212501545597043,0
2022-03-16,66.6745151941696,87.11287359134137,1019.54615815983,29.545854491969656,5.446308711071358,0
2022-03-17,136.18384428812374,83.14797138746451,1015.1462041426888,21.468508046873367,0.778565196087696,1
2022-03-18,129.89381065270587,66.48184487536138,1003.2334287247393,20.21278192970632,9.554481914380675,1
2022-03-19,29.968214815180882,66.09382673669295,1009.5380021293594,15.7552429045403,2.4696116699189252,0
2022-03-20,6.008935227589209,63.44384773996891,1014.3666235074401,15.791478867894039,8.596453453526065,0
2022-03-21,209.45869945603533,83.11059518954683,1004.9468063163816,25.380168839199822,1.6881000578456418,1
2022-03-22,91.28590554092214,86.75304317776076,1012.8123036709777,21.86893491651042,8.539428821418529,0
2022-03-23,6.65729798585317,69.27662499137514,1013.3320095809324,18.397824390541587,0.13228812905293985,0
2022-03-24,126.8153970481638,60.73307363608195,1003.2539948761713,24.20955459487849,5.117804565694807,1
2022-03-25,101.97119656134316,62.876008361674955,1011.3017062490551,18.792871773751667,7.694425794215568,1
2022-03-26,36.57756929843246,93.87510121957607,1015.4325382195722,23.66447631516634,9.347955174927833,0
2022-03-27,44.73568934145374,70.34056721170971,1009.9779132907188,20.388131204740354,9.09202136206487,0
2022-03-28,25.458242170450678,86.92281017433467,1000.2420623355222,27.353283399177286,8.196248695476449,0
2022-03-29,2.8159074621646893,81.86322490989923,1000.1807693815858,27.31044241150169,8.881913496613041,0
2022-03-30,20.41324431503706,73.36788738785135,1007.1405868794002,22.16025597183602,1.992196858370765,0
2022-03-31,81.19039555330893,67.19905417684443,1018.5238813686357,20.262286640025234,2.8418429571172874,0
2022-04-01,0.23213920331714424,64.24852463557923,1004.5735355920722,20.43839694838642,2.889685249210585,0
2022-04-02,20.285694829508436,81.52545388136033,1012.6872737774337,27.085717885023268,3.7705393100169884,0
2022-04-03,25.38890474273391,87.11218232232258,1004.4415174138664,19.92269224196418,3.933206703851887,0
2022-04-04,38.54415120619409,82.53664887393957,1006.433399793191,18.13589060560269,5.445553246546755,0
2022-04-05,126.19627380765208,78.56057466372054,1016.9608417920297,16.270325128129603,1.5987976336644139,1
2022-04-06,21.258855544539504,61.46829282010727,1014.577228845399,22.000396813266125,6.912466637859893,0
2022-04-07,21.305324297924763,93.89710721580343,1001.9079855462642,22.23198148379763,1.675665393045065,0
2022-04-08,66.87544758327829,87.95499670791011,1008.5740404197287,27.613630656043608,3.103084821045475,0
2022-04-09,30.09388867461697,70.24877128453376,1000.5833952729052,18.31858044669096,5.03345130606154,0
2022-04-10,12.71912368513627,94.29896152755977,1009.6178029320602,20.714869105025997,7.964405615234773,0
2022-04-11,30.114117528807753,81.06585563727127,1013.2486802340213,27.126086083405365,7.394692332387272,0
2022-04-12,7.590996096569352,80.38479303725363,1002.370052471963,27.354354161234603,6.455343564105222,0
2022-04-13,9.702725160404837,86.18256128003362,1005.7776987781833,20.769166139681523,1.5577326058017016,0
2022-04-14,34.494402140140885,88.41194258315481,1007.9567325100431,21.886860349300214,5.470453456155777,0
2022-04-15,27.14381081280035,82.9767512566026,1018.390620493121,19.549288362739244,0.8744650179988545,0
2022-04-16,123.16463676264064,64.483351122817,1019.8651003084593,28.988323176289683,3.7736317679665077,1
2022-04-17,22.501729151986414,71.83936270980745,1000.8982259799124,16.779656486123706,4.135165302899591,0
2022-04-18,43.4451191892636,92.48292741141174,1015.2201584699078,29.00624134502205,0.39811439445753827,0
2022-04-19,50.0195386258924,67.86154641453481,1007.4344813280469,25.25799677753015,2.7398809946997185,0
2022-04-20,0.6590472412829613,73.02584583431296,1007.8491637245896,22.973582290300968,9.556494672664893,0
2022-04-21,54.46340985179945,75.12269090304686,1015.0852994669405,15.489885911767438,9.536326078296895,0
2022-04-22,9.80293200996241,75.37917463930583,1018.3685286429081,22.133942877330124,3.5232705425253927,0
2022-04-23,162.29991361362133,81.4528853873084,1019.018571890051,21.116221575040985,0.43100108948324056,1
2022-04-24,8.047345215509004,93.00765432106476,1011.5424517207664,17.41828217962684,1.7909493932818155,0
2022-04-25,26.775055726830345,68.42424491413767,1007.1424231860101,24.846144052509853,3.9221779343354015,0
2022-04-26,4.460671882525157,64.25254817053214,1015.7509817171756,29.567263610524286,9.477796979692299,0
2022-04-27,288.40408075753794,66.9114671450978,1005.0200276652461,23.432832165967877,1.4119906353718492,1
2022-04-28,34.877343282911305,91.04237150732443,1011.2814805766703,25.721299146659188,7.635158436682122,0
2022-04-29,45.24096620444729,82.60337844293221,1007.1715692304974,16.026756788490253,1.0868253937469208,0
2022-04-30,3.4716025414127083,70.00673762337061,1013.1326214741575,21.265004937254922,9.81257577391277,0
2022-05-01,69.30681276079996,88.55814286390161,1004.8079782578701,16.745377277467437,3.81616499109135,0
2022-05-02,11.78014191251316,90.14794987272026,1003.8318589146966,24.191937533047657,7.752345388990561,0
2022-05-03,114.16574284058152,89.62800185415973,1018.3647817335087,29.07723237321232,3.425910828111318,1
2022-05-04,11.479441408041668,92.16242867738441,1002.0360736589907,24.92666598707458,6.276688771588087,0
2022-05-05,10.578521490440792,68.82843570606765,1010.1191581546987,16.152045724716324,1.9201608474003673,0
2022-05-06,1.8617170928836084,86.42646750611974,1004.4170556592602,20.319993074776242,1.4602101929696254,0
2022-05-07,31.939289664773195,76.1188824045949,1000.7785992665133,23.259950691612772,9.380641395681312,0
2022-05-08,41.602205183809026,89.46994935115215,1000.7203763658285,21.04811634199878,9.176472779044335,0
2022-05-09,3.3983470089578236,85.49717370065646,1003.5044354421166,27.504660157127585,8.874689402128823,0
2022-05-10,74.70012967991862,87.17566062749036,1017.33540709012,27.220065070649838,6.254334501665935,0
2022-05-11,30.191732514681085,82.9656643188375,1005.6495748795405,24.17746530154832,8.082682112162782,0
2022-05-12,37.15788272962984,66.21000693143974,1019.0091834115059,20.60186917699058,0.6903693691137491,0
2022-05-13,29.059073589379015,79.07594216139285,1011.6324458597838,18.830045606448664,3.3478904189067915,0
2022-05-14,25.60491006374607,94.46344088335779,1008.7322837953753,16.58811477319694,3.1370312475715623,0
2022-05-15,41.00817285689374,92.80858232739917,1011.6017766933891,20.32346525229831,6.3564532195261325,0
2022-05-16,8.435150338047775,61.51108075289541,1010.3339677045253,21.197587758115795,3.559577734706405,0
2022-05-17,10.040254310431274,65.7685185505303,1015.1755250751465,25.137343876561104,1.485067816436808,0
2022-05-18,98.94746641480701,64.61050707090966,1005.649921319457,24.872397364463602,5.964670754135437,0
2022-05-19,146.04558546323426,85.40929684948534,1007.061007832006,16.051622094618853,8.143839206690815,1
2022-05-20,23.36510937375693,88.62248654499308,1017.881886050665,20.92888973146737,3.821234944599732,0
2022-05-21,15.7865682846333,67.47289782087351,1018.9291302630081,17.72668300826043,1.322687150984817,0
2022-05-22,51.641163254722855,77.70484425331402,1017.8511645497294,17.352190579752087,1.9668819731282305,0
2022-05-23,26.274478380362314,89.424605980392,1008.3889598791462,27.40953224605869,2.37483305169384,0
2022-05-24,1.2857074366323515,85.64805406681877,1015.6073100601376,15.628728250743864,2.998975929945362,0
2022-05-25,8.489180164975531,78.97830219221468,1009.526714666022,21.28774313853182,6.4279507050630915,0
2022-05-26,62.934162992652276,80.66216916605705,1009.9507970429221,17.523054836497774,6.00945484537719,0
2022-05-27,53.782489115876785,77.7926191420698,1004.0936021811457,28.18995323517711,6.960798615670392,0
2022-05-28,1.3734928942220048,70.41419579615872,1011.8226060651704,23.355607699125528,3.6250198453151317,0
2022-05-29,12.54964869333525,79.77576975006556,1003.722717955067,18.47070954565272,8.239976518799782,0
2022-05-30,13.13807894754655,84.11098557175318,1006.6312939813439,22.536409307495646,2.0408766115576027,0
2022-05-31,55.72073614139259,90.56630205512828,1017.1006040323987,25.972295395546737,4.690407475181539,0
2022-06-01,0.9953690646069703,82.27019738927368,1004.1415161842172,29.371770133791507,8.009387215414304,0
2022-06-02,5.4968029300686405,86.63925379651053,1001.4231657034686,18.306690063681284,1.8015864773261925,0
2022-06-03,80.45092136481207,65.60250722341006,1001.3801518522563,28.292726581940176,1.0986311374078295,0
2022-06-04,9.833885472589268,76.15451160469264,1018.8156904100622,29.014561712512354,8.836839676879897,0
2022-06-05,52.88495444602884,60.326606693948264,1010.1384087592367,28.74630816798099,3.4292966275919587,0
2022-06-06,13.60243111044976,68.6337602582568,1008.1882414363404,24.531215352928648,6.83870124909032,0
2022-06-07,5.237001674243566,85.42616002895517,1016.2175716201584,24.447309816520615,0.2534860426393848,0
2022-06-08,13.930975820572364,94.71334829722772,1016.7165185582103,21.048159497757343,6.900468884094496,0
2022-06-09,64.0547406548516,63.47123348555256,1006.6438206623121,26.28596823455682,3.1610131154697054,0
2022-06-10,96.79181687269647,74.0523010551451,1013.8723611494759,22.96941027526398,0.5574085358744174,0
2022-06-11,88.66254999877822,88.00248390447058,1015.4224563170377,25.16157106842442,6.09812761548117,0
2022-06-12,25.30712447375442,67.14124721201146,1013.0930137373191,21.426868557731932,2.4080381607317323,0
2022-06-13,55.14383892022975,79.42797322558002,1003.031901496002,25.972446960647087,3.8680724205188,0
2022-06-14,11.469670516449039,85.65749536103861,1017.5176616703411,27.367072764068237,0.8058081228651359,0
2022-06-15,17.34667943062584,81.55949075910627,1010.7818910547202,17.196543849042243,1.4716325109494532,0
2022-06-16,113.32993143154522,66.58086571153956,1005.6494485274001,27.49394573361342,2.9797723549584374,1
2022-06-17,0.6543594198142502,72.43845990400088,1008.5045637087538,23.10444797685461,0.8975950056015713,0
2022-06-18,4.4693569815224565,87.43271245698891,1000.7514218079782,27.669988636353366,9.108262646863153,0
2022-06-19,11.65251401199076,79.39792799462059,1002.5573360244483,21.46952559511522,0.06047043183978418,0
2022-06-20,1.3445267612158442,60.183036474001945,1015.3109350103172,20.685607280745526,4.838602188643114,0
2022-06-21,10.010150164513638,86.63467660098328,1000.0002326951073,28.725910987758336,1.2324745813255145,0
2022-06-22,43.73843643721833,61.235897422908366,1008.3313165696459,18.76753901322602,3.076790894779485,0
2022-06-23,27.35931591839002,86.10068239559313,1010.4502036217118,27.663184879292146,9.260595598182654,0
2022-06-24,111.59315104109137,67.0868196057833,1001.0926884000195,22.260308587641063,1.6169455327398685,1
2022-06-25,85.03479515097392,93.5325718041783,1019.4615632594466,22.711431638268895,9.658323197183327,0
2022-06-26,20.9136402584516,72.87792629557296,1004.5225066249934,19.62702422234226,2.057943769894217,0
2022-06-27,15.016312607363927,71.44260657183277,1006.0839743927256,23.595633009285237,7.4156610846682955,0
2022-06-28,23.876990405426888,65.21108176163557,1006.0788502451005,19.87816794414317,5.466772648973118,0
2022-06-29,44.61588750716526,70.69614754215752,1004.608333242347,15.589041213624785,8.844787275967592,0
2022-06-30,15.603085490763643,90.68277666398701,1000.0294764417263,19.07997908016534,5.539932555031309,0
2022-07-01,48.92811227735438,94.87170181695366,1014.5868958817599,15.09568565109886,5.345592191563087,0
2022-07-02,26.331801963990557,72.89083356773969,1019.3369099959857,29.67532180585285,1.9545800036839989,0
2022-07-03,40.15336832574222,75.70137208340898,1004.4858696657009,29.486208147296214,1.6622936205165872,0
2022-07-04,28.646269754555604,85.2724828370958,1013.2609438360685,20.927329462084575,9.164891511155142,0
2022-07-05,17.439998763116655,91.0168523162776,1014.8379265391743,25.92556281509469,3.2783819885003407,0
2022-07-06,148.26336105761018,80.75655169653744,1016.9685075818105,20.187091476156375,3.7208225496289593,1
2022-07-07,72.1127251866318,73.70339943622403,1008.4525839402722,25.06639735628964,7.5982365842838835,0
2022-07-08,7.547724906151043,74.44176442970183,1006.0586181128086,27.081450645689685,3.3882348242280735,0
2022-07-09,101.42524638596619,84.34663512738824,1006.5059026804606,29.20134367038361,9.520624466390027,1
2022-07-10,33.416016483095824,60.11263922614975,1014.2524266619703,21.00318413774508,7.379277689988003,0
2022-07-11,112.47697451448717,81.68562681109442,1016.3355893301127,26.749469744340715,5.9742924257342,1
2022-07-12,80.43572269649502,72.44225536544751,1003.632279355132,18.98892675948178,8.808951605447525,0
2022-07-13,27.687830962930366,87.79690659469794,1007.4188201631553,29.854984556904725,0.4960590834948275,0
2022-07-14,1.136279473877006,63.25467239380963,1018.038803934983,15.386543981465268,2.5706269218920874,0
2022-07-15,15.645027388824333,80.58707934319366,1016.1338703938948,24.052932097516813,4.6503633422091,0
2022-07-16,39.00438778398981,76.83405114601433,1019.6971680552496,24.892589724769906,2.2697853947152105,0
2022-07-17,50.18486659672682,82.48139340668295,1015.0849651936417,25.32068335611193,7.439051873021519,0
2022-07-18,14.912733996446944,62.26987580690389,1007.8639040205585,16.805813681836334,9.192080310537252,0
2022-07-19,7.503720941535777,80.2994325599846,1011.8127566798928,29.077946752096956,4.2377011993092335,0
2022-07-20,90.06935435811958,79.65196057858333,1013.2202850849465,17.71774918575124,3.4213260011189495,0
2022-07-21,208.03120815936168,79.62310330456599,1001.5691163263425,24.341301048597614,9.615507321375663,1
2022-07-22,37.29472734860435,81.12206833087592,1010.8899391820773,18.340141186846274,4.448524328275409,0
2022-07-23,9.417743183003696,83.67637780292267,1014.1864165694521,19.608246255319063,4.890484004492832,0
2022-07-24,15.893823586446644,88.17461498882695,1003.3464260800212,23.196878125921867,3.516498723419054,0
2022-07-25,0.9280943705383004,69.4437252044875,1015.6126343485112,21.257901278468648,9.095484730121385,0
2022-07-26,122.84442638467785,88.87672935630218,1011.6754556102823,17.403384014647596,5.689554832818508,1
2022-07-27,6.26405219231015,77.43894887922087,1019.0444357139519,17.564046036312725,7.621745871816446,0
2022-07-28,42.96203344340779,62.69703976970159,1000.8484459641378,21.272171822441994,8.118067183508863,0
2022-07-29,16.014066430139646,62.04928252353927,1005.3065227511094,26.359244674132512,3.418490419172582,0
2022-07-30,40.39177577034926,71.69834115436213,1012.0310775859965,28.46946970271683,4.3369433132038,0
2022-07-31,52.69443169930135,87.47139419890136,1005.9311982441186,16.261914933890743,8.484717744062646,0
2022-08-01,88.521959621118,84.76883271593205,1014.2884832814249,20.896558613391015,3.6325535167581027,0
2022-08-02,11.560126375226792,87.60152376353423,1015.1801056504386,16.50368345584315,7.939351334518513,0
2022-08-03,0.5528364815848598,78.10441697545633,1002.0503192813295,15.248887209488968,9.409923225744372,0
2022-08-04,7.360403534369526,75.40696492844216,1010.2770892841354,24.92578023965935,6.23210373068007,0
2022-08-05,115.13857644265909,65.16083843471993,1010.1778111118211,24.036741629498817,7.416272874518889,1
2022-08-06,103.53006760265613,71.48674637632591,1007.3856154043108,17.445286707223293,8.05097312041135,1
2022-08-07,45.492215509824625,75.19067781608564,1018.6584972513934,18.507192496395962,8.450396488966426,0
2022-08-08,45.87918592526734,63.101015038786606,1016.5501263974644,15.355616304667775,3.9505333785679597,0
2022-08-09,54.68671147037563,67.7214183448924,1013.9441876381927,27.524208085416056,0.5126345917599817,0
2022-08-10,9.641101431927607,80.93788529223086,1014.2865327147,29.620358940728273,4.018762712367395,0
2022-08-11,122.91047803856507,85.74820899837164,1009.2343228762624,17.031893051920363,6.737562297840897,1
2022-08-12,27.130481717315902,94.94216289875324,1018.4198904219315,18.47212820647947,4.503503857807928,0
2022-08-13,24.155539966393423,92.65896659702452,1013.8919085450657,28.02614285920401,7.489631508603986,0
2022-08-14,36.58584663113405,82.4897819837317,1014.5796212331163,28.89695696934277,3.5698242946866388,0
2022-08-15,2.405233214598861,74.74368186529252,1017.2338180757469,21.294410742102155,6.347441411040295,0
2022-08-16,9.093085252463617,82.26620776478815,1005.4814317868438,15.759337084036112,1.8641980485397458,0
2022-08-17,66.97695452119817,87.49780663280812,1016.141418077334,15.59087750539229,7.493694366449569,0
2022-08-18,4.321413783592179,64.14176668231856,1003.9048120591299,23.609247991035158,5.456959688130258,0
2022-08-19,46.21011094925578,74.34667113937009,1006.9068390448978,20.893426633397684,2.0406438854660056,0
2022-08-20,14.075001680022039,89.3930799972466,1006.7122090853968,15.429786413664818,2.9191117349780726,0
2022-08-21,24.65711284625942,73.43415331765654,1019.5705093677828,23.748785884688353,7.4860870858183235,0
2022-08-22,17.0326095977073,80.01552949295153,1017.1307444749585,15.169538048835337,4.826012356615207,0
2022-08-23,21.977423886142674,80.57192763017694,1014.0233972318052,26.810579372239093,2.1603144039307223,0
2022-08-24,63.478199331934334,66.45666885967738,1014.5411352323079,19.596492340550572,9.672711903702977,0
2022-08-25,17.628576980277543,72.6782404578301,1011.2414558880514,15.603870045138482,7.15125019816888,0
2022-08-26,41.78217653528511,71.70789510596762,1018.9418133421703,23.8252833147473,9.571348325397961,0
2022-08-27,32.317989334513086,60.91688479862227,1009.9251750576473,20.96526621649582,4.271050453603432,0
2022-08-28,54.48329615463392,60.846711736197435,1007.6103541973979,29.607006200357244,4.751003406917205,0
2022-08-29,138.09608237564845,89.10939652865207,1003.2607067386318,23.162979937555534,8.979552161850192,1
2022-08-30,65.94526356275215,69.55747834904844,1015.7241130452212,19.128587715555124,5.250493402453847,0
2022-08-31,12.099780662202365,78.13275681835854,1014.6888786415118,25.64158296950962,7.072789119056671,0
2022-09-01,1.5839839412128922,70.45539507560706,1007.6871007704827,19.07238003814067,2.5217287749552995,0
2022-09-02,15.208465100279394,92.92377357903692,1000.5038682791846,28.563649371113478,4.467264687026406,0
2022-09-03,45.20303259365486,69.07538656030208,1016.7799465543602,20.620829557610648,1.234498658103551,0
2022-09-04,2.639763904988734,75.03798844586272,1000.2283596690814,23.24802844164308,2.0598003587696168,0
2022-09-05,34.295297801309445,90.54555876696107,1014.073995592581,15.758596557363433,0.00943415267631087,0
2022-09-06,45.42144199937801,89.4676748377133,1019.4051421945211,21.391818569283462,0.3926505164866023,0
2022-09-07,20.341593896905017,66.5135496246197,1008.7532265629641,27.485453094914924,9.772838231769294,0
2022-09-08,73.68249795733674,88.09251584284986,1004.699468099919,27.08473208045013,2.4235369513676233,0
2022-09-09,5.635945738233899,76.03654103582625,1014.0974202008676,18.364778382802893,6.633107095040019,0
2022-09-10,3.905525289612351,76.90391052298743,1016.3425628403118,18.39118606515844,8.390996987996115,0
2022-09-11,65.13237051081964,64.67179903455803,1010.9286063215569,27.259579683198552,5.506604592365642,0
2022-09-12,34.20851133315343,62.82105298149936,1019.340705505123,28.95597630253988,1.531445000839562,0
2022-09-13,58.30213278665705,85.47787574408179,1001.0333744331592,16.430413819095055,7.281164373361664,0
2022-09-14,28.531199956442865,77.3761403324355,1010.0959119660905,21.750879591393378,6.00251410099583,0
2022-09-15,14.144812687926581,75.28977459153128,1014.369078946451,20.061814184463433,7.312505893473751,0
2022-09-16,85.49118492855979,85.53278800283388,1017.2528094229835,28.06032683186159,7.697466228570872,0
2022-09-17,80.3260781980095,86.79295146468884,1003.5851122381558,16.25287372020028,9.754103676847452,0
2022-09-18,59.32244098545607,65.56178586842738,1016.0000696352736,18.16688913837056,5.7356328002670995,0
2022-09-19,15.882680749401604,81.35788023171744,1011.0541415143709,26.287025063797415,3.4164111269060182,0
2022-09-20,44.608043986173215,64.737392879719,1007.9310736397993,15.769407734718234,6.484645569002371,0
2022-09-21,22.390498778991102,86.2981280110166,1002.6343005715819,22.38803071071434,0.6844070924262613,0
2022-09-22,4.802536730332661,82.99343046934989,1017.3059151781782,21.6316055201958,8.973973183215863,0
2022-09-23,124.63499217688208,93.48151173792102,1003.1454641635943,20.01601768483123,1.1938101133819679,1
2022-09-24,7.3565224409760015,62.41353057247474,1006.195757184182,20.918584729783856,3.2784283788581825,0
2022-09-25,150.02453265613812,61.9969152402939,1005.8009106392487,22.949108803953493,8.15745380626121,1
2022-09-26,29.53005063954361,69.87654761426201,1017.4282806838171,17.420510375825746,5.973123783307118,0
